condition,fusion_event,time_s,mechanical_cycles,node,phi_m_rad,shadow_e_rad,active_e_rad,reference_e_rad
zero_noise,1,1.63855,1.00000000000009,0,0,0.0596109417229952,0.011922188344599,0.0758696657944137
zero_noise,1,1.63855,1.00000000000009,1,0.098174770424681,0.0883503078226576,0.0176700615645315,0.110945394879258
zero_noise,1,1.63855,1.00000000000009,2,0.196349540849362,0.116137351098799,0.0232274702197598,0.142618125010304
zero_noise,1,1.63855,1.00000000000009,3,0.294524311274043,0.140698701335922,0.0281397402671843,0.169445709159238
zero_noise,1,1.63855,1.00000000000009,4,0.392699081698724,0.163868255299677,0.0327736510599354,0.191659540605051
zero_noise,1,1.63855,1.00000000000009,5,0.490873852123405,0.182512407371577,0.0349065850398866,0.209396359896922
zero_noise,1,1.63855,1.00000000000009,6,0.589048622548086,0.197009521936988,0.0349065850398866,0.2219106088964
zero_noise,1,1.63855,1.00000000000009,7,0.687223392972767,0.205627398771115,0.0349065850398866,0.229774728491228
zero_noise,1,1.63855,1.00000000000009,8,0.785398163397448,0.208758926596506,0.0349065850398866,0.232424246360601
zero_noise,1,1.63855,1.00000000000009,9,0.883572933822129,0.204674583669722,0.0349065850398866,0.230787125461994
zero_noise,1,1.63855,1.00000000000009,10,0.98174770424681,0.197244899613114,0.0349065850398866,0.225251131182646
zero_noise,1,1.63855,1.00000000000009,11,1.07992247467149,0.18625058425658,0.0349065850398866,0.216248325600934
zero_noise,1,1.63855,1.00000000000009,12,1.17809724509617,0.171951640565623,0.0343903281131246,0.204605494680599
zero_noise,1,1.63855,1.00000000000009,13,1.27627201552085,0.155821285317725,0.031164257063545,0.190136570678017
zero_noise,1,1.63855,1.00000000000009,14,1.37444678594553,0.140129294502145,0.0280258589004289,0.174372010204357
zero_noise,1,1.63855,1.00000000000009,15,1.47262155637022,0.125698157739072,0.0251396315478144,0.159012590468882
zero_noise,1,1.63855,1.00000000000009,16,1.5707963267949,0.111634172753326,0.0223268345506653,0.143289960438036
zero_noise,1,1.63855,1.00000000000009,17,1.66897109721958,0.0988134814705266,0.0197626962941053,0.128403905123616
zero_noise,1,1.63855,1.00000000000009,18,1.76714586764426,0.0873293528863261,0.0174658705772652,0.115235391755108
zero_noise,1,1.63855,1.00000000000009,19,1.86532063806894,0.0757095770194747,0.0151419154038949,0.103408868749712
zero_noise,1,1.63855,1.00000000000009,20,1.96349540849362,0.0682520578162576,0.0136504115632515,0.0938663999552152
zero_noise,1,1.63855,1.00000000000009,21,2.0616701789183,0.0632111923152426,0.0126422384630485,0.0865702532992128
zero_noise,1,1.63855,1.00000000000009,22,2.15984494934298,0.0605378137084796,0.0121075627416959,0.0817158904415944
zero_noise,1,1.63855,1.00000000000009,23,2.25801971976766,0.0585533301718652,0.011710666034373,0.0788273028315387
zero_noise,1,1.63855,1.00000000000009,24,2.35619449019234,0.0570772209863095,0.0114154441972619,0.0778516644230959
zero_noise,1,1.63855,1.00000000000009,25,2.45436926061703,0.0575706308041278,0.0115141261608256,0.0782936609820709
zero_noise,1,1.63855,1.00000000000009,26,2.55254403104171,0.0589125634480848,0.011782512689617,0.0800875335644107
zero_noise,1,1.63855,1.00000000000009,27,2.65071880146639,0.0610364222690464,0.0122072844538093,0.0822997365537976
zero_noise,1,1.63855,1.00000000000009,28,2.74889357189107,0.0622294705457221,0.0124458941091444,0.0841321005750652
zero_noise,1,1.63855,1.00000000000009,29,2.84706834231575,0.0633062594278574,0.0126612518855715,0.085133588019364
zero_noise,1,1.63855,1.00000000000009,30,2.94524311274043,0.0614916331463941,0.0122983266292788,0.0847333299818973
zero_noise,1,1.63855,1.00000000000009,31,3.04341788316511,0.0607266124758729,0.0121453224951746,0.0825350983122363
zero_noise,1,1.63855,1.00000000000009,32,3.14159265358979,0.0555644012539953,0.0111128802507991,0.0780512693753549
zero_noise,1,1.63855,1.00000000000009,33,3.23976742401447,0.0500588558862195,0.0100117711772439,0.0703312471496424
zero_noise,1,1.63855,1.00000000000009,34,3.33794219443916,0.0394844394924512,0.00789688789849023,0.058665948633912
zero_noise,1,1.63855,1.00000000000009,35,3.43611696486384,0.0279506150124072,0.00559012300248145,0.0439654856296086
zero_noise,1,1.63855,1.00000000000009,36,3.53429173528852,0.0126700706282422,0.00253401412564844,0.0256847814379784
zero_noise,1,1.63855,1.00000000000009,37,3.6324665057132,-0.00527172911567646,-0.00105434582313529,0.00394681590252977
zero_noise,1,1.63855,1.00000000000009,38,3.73064127613788,-0.0187034923681609,-0.00374069847363218,-0.021047475678981
zero_noise,1,1.63855,1.00000000000009,39,3.82881604656256,-0.0400483315881652,-0.00800966631763305,-0.0497835776734566
zero_noise,1,1.63855,1.00000000000009,40,3.92699081698724,-0.0752274881589094,-0.0150454976317819,-0.0795483954044758
zero_noise,1,1.63855,1.00000000000009,41,4.02516558741192,-0.100569930632158,-0.0201139861264317,-0.11177177523863
zero_noise,1,1.63855,1.00000000000009,42,4.1233403578366,-0.130398439374318,-0.0260796878748637,-0.142990779529074
zero_noise,1,1.63855,1.00000000000009,43,4.22151512826128,-0.163260210839883,-0.0326520421679767,-0.17531410445035
zero_noise,1,1.63855,1.00000000000009,44,4.31968989868597,-0.196319361826457,-0.0349065850398866,-0.205869510786178
zero_noise,1,1.63855,1.00000000000009,45,4.41786466911065,-0.232726084740262,-0.0349065850398866,-0.234401056415332
zero_noise,1,1.63855,1.00000000000009,46,4.51603943953533,-0.269484489888603,-0.0349065850398866,-0.260802448609144
zero_noise,1,1.63855,1.00000000000009,47,4.61421420996001,-0.304136674196917,-0.0349065850398866,-0.282262850151409
zero_noise,1,1.63855,1.00000000000009,48,4.71238898038469,-0.332072376106356,-0.0349065850398866,-0.298928802119393
zero_noise,1,1.63855,1.00000000000009,49,4.81056375080937,-0.352479792687317,-0.0349065850398866,-0.310442309746037
zero_noise,1,1.63855,1.00000000000009,50,4.90873852123405,-0.36311784662196,-0.0349065850398866,-0.316332926291406
zero_noise,1,1.63855,1.00000000000009,51,5.00691329165873,-0.360036470251036,-0.0349065850398866,-0.316562177378035
zero_noise,1,1.63855,1.00000000000009,52,5.10508806208341,-0.341962271220315,-0.0349065850398866,-0.310254659434933
zero_noise,1,1.63855,1.00000000000009,53,5.20326283250809,-0.316258971834803,-0.0349065850398866,-0.298101485495759
zero_noise,1,1.63855,1.00000000000009,54,5.30143760293278,-0.284126099879434,-0.0349065850398866,-0.280835319053602
zero_noise,1,1.63855,1.00000000000009,55,5.39961237335746,-0.246953990262318,-0.0349065850398866,-0.257632337500456
zero_noise,1,1.63855,1.00000000000009,56,5.49778714378214,-0.207527228065493,-0.0349065850398866,-0.229213712208644
zero_noise,1,1.63855,1.00000000000009,57,5.59596191420682,-0.168719121119145,-0.0337438242238289,-0.197751316831481
zero_noise,1,1.63855,1.00000000000009,58,5.6941366846315,-0.131517799647428,-0.0263035599294856,-0.161263216830106
zero_noise,1,1.63855,1.00000000000009,59,5.79231145505618,-0.0964116323070192,-0.0192823264614038,-0.122499591109464
zero_noise,1,1.63855,1.00000000000009,60,5.89048622548086,-0.0627028176841636,-0.0125405635368327,-0.082708616153086
zero_noise,1,1.63855,1.00000000000009,61,5.98866099590554,-0.0303210072656999,-0.00606420145313998,-0.0415538058835246
zero_noise,1,1.63855,1.00000000000009,62,6.08683576633022,0.00106054094701508,0.000212108189403016,-0.00125425510135423
zero_noise,1,1.63855,1.00000000000009,63,6.18501053675491,0.0330376163465344,0.00660752326930687,0.0389374892311693
zero_noise,2,1.9903,1.50000000000013,0,0,0.0699445551433529,0.0235266617043498,0.0758696657944137
zero_noise,2,1.9903,1.50000000000013,1,0.098174770424681,0.103092216752706,0.0347544926021664,0.110945394879258
zero_noise,2,1.9903,1.50000000000013,2,0.196349540849362,0.134723939359281,0.0455267640476641,0.142618125010304
zero_noise,2,1.9903,1.50000000000013,3,0.294524311274043,0.161180028912422,0.0547477979962319,0.169445709159238
zero_noise,2,1.9903,1.50000000000013,4,0.392699081698724,0.184373088267716,0.0630935385014917,0.191659540605051
zero_noise,2,1.9903,1.50000000000013,5,0.490873852123405,0.202213014396714,0.0683678709112522,0.209396359896922
zero_noise,2,1.9903,1.50000000000013,6,0.589048622548086,0.21545563483327,0.0698131700797732,0.2219106088964
zero_noise,2,1.9903,1.50000000000013,7,0.687223392972767,0.2174152726494,0.0698131700797732,0.229774728491228
zero_noise,2,1.9903,1.50000000000013,8,0.785398163397448,0.209041242142703,0.0697335164604498,0.232424246360601
zero_noise,2,1.9903,1.50000000000013,9,0.883572933822129,0.204674583669722,0.0688601847658537,0.230787125461994
zero_noise,2,1.9903,1.50000000000013,10,0.98174770424681,0.197244899613114,0.0673742479545321,0.225251131182646
zero_noise,2,1.9903,1.50000000000013,11,1.07992247467149,0.18625058425658,0.0651753848832252,0.216248325600934
zero_noise,2,1.9903,1.50000000000013,12,1.17809724509617,0.171951640565623,0.0619025906036242,0.204605494680599
zero_noise,2,1.9903,1.50000000000013,13,1.27627201552085,0.155821285317725,0.056095662714381,0.190136570678017
zero_noise,2,1.9903,1.50000000000013,14,1.37444678594553,0.140129294502145,0.0504465460207721,0.174372010204357
zero_noise,2,1.9903,1.50000000000013,15,1.47262155637022,0.125698157739072,0.045251336786066,0.159012590468882
zero_noise,2,1.9903,1.50000000000013,16,1.5707963267949,0.111634172753326,0.0401883021911975,0.143289960438036
zero_noise,2,1.9903,1.50000000000013,17,1.66897109721958,0.0988134814705266,0.0355728533293896,0.128403905123616
zero_noise,2,1.9903,1.50000000000013,18,1.76714586764426,0.0873293528863261,0.0314385670390774,0.115235391755108
zero_noise,2,1.9903,1.50000000000013,19,1.86532063806894,0.0757095770194747,0.0272554477270109,0.103408868749712
zero_noise,2,1.9903,1.50000000000013,20,1.96349540849362,0.0682520578162576,0.0245707408138527,0.0938663999552152
zero_noise,2,1.9903,1.50000000000013,21,2.0616701789183,0.0632111923152426,0.0227560292334873,0.0865702532992128
zero_noise,2,1.9903,1.50000000000013,22,2.15984494934298,0.0605378137084796,0.0217936129350527,0.0817158904415944
zero_noise,2,1.9903,1.50000000000013,23,2.25801971976766,0.0585533301718652,0.0210791988618715,0.0788273028315387
zero_noise,2,1.9903,1.50000000000013,24,2.35619449019234,0.0570772209863095,0.0205477995550714,0.0778516644230959
zero_noise,2,1.9903,1.50000000000013,25,2.45436926061703,0.0575706308041278,0.020725427089486,0.0782936609820709
zero_noise,2,1.9903,1.50000000000013,26,2.55254403104171,0.0589125634480848,0.0212085228413105,0.0800875335644107
zero_noise,2,1.9903,1.50000000000013,27,2.65071880146639,0.0610364222690464,0.0219731120168567,0.0822997365537976
zero_noise,2,1.9903,1.50000000000013,28,2.74889357189107,0.0622294705457221,0.0224026093964599,0.0841321005750652
zero_noise,2,1.9903,1.50000000000013,29,2.84706834231575,0.0633062594278574,0.0227902533940287,0.085133588019364
zero_noise,2,1.9903,1.50000000000013,30,2.94524311274043,0.0614916331463941,0.0221369879327019,0.0847333299818973
zero_noise,2,1.9903,1.50000000000013,31,3.04341788316511,0.0607266124758729,0.0218615804913142,0.0825350983122363
zero_noise,2,1.9903,1.50000000000013,32,3.14159265358979,0.0555644012539953,0.0200031844514383,0.0780512693753549
zero_noise,2,1.9903,1.50000000000013,33,3.23976742401447,0.0500588558862195,0.018021188119039,0.0703312471496424
zero_noise,2,1.9903,1.50000000000013,34,3.33794219443916,0.0394844394924512,0.0142143982172824,0.058665948633912
zero_noise,2,1.9903,1.50000000000013,35,3.43611696486384,0.0279506150124072,0.0100622214044666,0.0439654856296086
zero_noise,2,1.9903,1.50000000000013,36,3.53429173528852,0.0126700706282422,0.00456122542616719,0.0256847814379784
zero_noise,2,1.9903,1.50000000000013,37,3.6324665057132,-0.00527172911567646,-0.00189782248164353,0.00394681590252977
zero_noise,2,1.9903,1.50000000000013,38,3.73064127613788,-0.0187034923681609,-0.00673325725253792,-0.021047475678981
zero_noise,2,1.9903,1.50000000000013,39,3.82881604656256,-0.0450986158240426,-0.015427456218915,-0.0497835776734566
zero_noise,2,1.9903,1.50000000000013,40,3.92699081698724,-0.0848960203615077,-0.029015602177727,-0.0795483954044758
zero_noise,2,1.9903,1.50000000000013,41,4.02516558741192,-0.114239207447457,-0.0389390303906367,-0.11177177523863
zero_noise,2,1.9903,1.50000000000013,42,4.1233403578366,-0.144902287034406,-0.0498442077067721,-0.142990779529074
zero_noise,2,1.9903,1.50000000000013,43,4.22151512826128,-0.178140295583773,-0.061749692851136,-0.17531410445035
zero_noise,2,1.9903,1.50000000000013,44,4.31968989868597,-0.207529718660372,-0.0694312117639837,-0.205869510786178
zero_noise,2,1.9903,1.50000000000013,45,4.41786466911065,-0.236568803248478,-0.0698131700797732,-0.234401056415332
zero_noise,2,1.9903,1.50000000000013,46,4.51603943953533,-0.263192605586537,-0.0698131700797732,-0.260802448609144
zero_noise,2,1.9903,1.50000000000013,47,4.61421420996001,-0.284340980526698,-0.0698131700797732,-0.282262850151409
zero_noise,2,1.9903,1.50000000000013,48,4.71238898038469,-0.300380811787436,-0.0698131700797732,-0.298928802119393
zero_noise,2,1.9903,1.50000000000013,49,4.81056375080937,-0.311595840006587,-0.0698131700797732,-0.310442309746037
zero_noise,2,1.9903,1.50000000000013,50,4.90873852123405,-0.319888590447555,-0.0698131700797732,-0.316332926291406
zero_noise,2,1.9903,1.50000000000013,51,5.00691329165873,-0.323110942728832,-0.0698131700797732,-0.316562177378035
zero_noise,2,1.9903,1.50000000000013,52,5.10508806208341,-0.317849129482418,-0.0698131700797732,-0.310254659434933
zero_noise,2,1.9903,1.50000000000013,53,5.20326283250809,-0.307051146942721,-0.0698131700797732,-0.298101485495759
zero_noise,2,1.9903,1.50000000000013,54,5.30143760293278,-0.289749573529017,-0.0698131700797732,-0.280835319053602
zero_noise,2,1.9903,1.50000000000013,55,5.39961237335746,-0.264971480145607,-0.0698131700797732,-0.257632337500456
zero_noise,2,1.9903,1.50000000000013,56,5.49778714378214,-0.234650841911024,-0.0698131700797732,-0.229213712208644
zero_noise,2,1.9903,1.50000000000013,57,5.59596191420682,-0.198416521864442,-0.0666783637519515,-0.197751316831481
zero_noise,2,1.9903,1.50000000000013,58,5.6941366846315,-0.159045555743175,-0.0528519590922236,-0.161263216830106
zero_noise,2,1.9903,1.50000000000013,59,5.79231145505618,-0.119675594832749,-0.0393609801356728,-0.122499591109464
zero_noise,2,1.9903,1.50000000000013,60,5.89048622548086,-0.081101889584614,-0.026252828746389,-0.082708616153086
zero_noise,2,1.9903,1.50000000000013,61,5.98866099590554,-0.0424788614435436,-0.0133471334512207,-0.0415538058835246
zero_noise,2,1.9903,1.50000000000013,62,6.08683576633022,-0.00325501478853059,-0.000481316406183706,-0.00125425510135423
zero_noise,2,1.9903,1.50000000000013,63,6.18501053675491,0.0364492280431702,0.0125758642240795,0.0389374892311693
zero_noise,3,2.2762,2.00097656250006,0,0,0.0699445551433529,0.0328102403921504,0.0758696657944137
zero_noise,3,2.2762,2.00097656250006,1,0.098174770424681,0.103092216752706,0.0484220374322744,0.110945394879258
zero_noise,3,2.2762,2.00097656250006,2,0.196349540849362,0.134723939359281,0.0633661991099876,0.142618125010304
zero_noise,3,2.2762,2.00097656250006,3,0.294524311274043,0.161180028912422,0.07603424417947,0.169445709159238
zero_noise,3,2.2762,2.00097656250006,4,0.392699081698724,0.184373088267716,0.0873494484547366,0.191659540605051
zero_noise,3,2.2762,2.00097656250006,5,0.490873852123405,0.202213014396714,0.0951368996083446,0.209396359896922
zero_noise,3,2.2762,2.00097656250006,6,0.589048622548086,0.21545563483327,0.0989416630304725,0.2219106088964
zero_noise,3,2.2762,2.00097656250006,7,0.687223392972767,0.224534563571336,0.100757448778086,0.229774728491228
zero_noise,3,2.2762,2.00097656250006,8,0.785398163397448,0.227457999414504,0.101278413051261,0.232424246360601
zero_noise,3,2.2762,2.00097656250006,9,0.883572933822129,0.224529807260616,0.0999941092648063,0.230787125461994
zero_noise,3,2.2762,2.00097656250006,10,0.98174770424681,0.219142826270466,0.0977279636177189,0.225251131182646
zero_noise,3,2.2762,2.00097656250006,11,1.07992247467149,0.20874834713798,0.0938899773341762,0.216248325600934
zero_noise,3,2.2762,2.00097656250006,12,1.17809724509617,0.196526682477671,0.0888274089784335,0.204605494680599
zero_noise,3,2.2762,2.00097656250006,13,1.27627201552085,0.180536716462907,0.0809838734640862,0.190136570678017
zero_noise,3,2.2762,2.00097656250006,14,1.37444678594553,0.164086800499093,0.0731745969164364,0.174372010204357
zero_noise,3,2.2762,2.00097656250006,15,1.47262155637022,0.149744948885005,0.0661500592058537,0.159012590468882
zero_noise,3,2.2762,2.00097656250006,16,1.5707963267949,0.133547966444773,0.0588602350419125,0.143289960438036
zero_noise,3,2.2762,2.00097656250006,17,1.66897109721958,0.118797641925165,0.0522178110485447,0.128403905123616
zero_noise,3,2.2762,2.00097656250006,18,1.76714586764426,0.105342296067726,0.0462193128448072,0.115235391755108
zero_noise,3,2.2762,2.00097656250006,19,1.86532063806894,0.0928048895394907,0.0403653360895069,0.103408868749712
zero_noise,3,2.2762,2.00097656250006,20,1.96349540849362,0.0837334403550393,0.0364032807220901,0.0938663999552152
zero_noise,3,2.2762,2.00097656250006,21,2.0616701789183,0.076916498083818,0.0335881230035535,0.0865702532992128
zero_noise,3,2.2762,2.00097656250006,22,2.15984494934298,0.0728101032969298,0.0319969110074281,0.0817158904415944
zero_noise,3,2.2762,2.00097656250006,23,2.25801971976766,0.0702822473932843,0.030919808568154,0.0788273028315387
zero_noise,3,2.2762,2.00097656250006,24,2.35619449019234,0.0691710877746943,0.030272457198996,0.0778516644230959
zero_noise,3,2.2762,2.00097656250006,25,2.45436926061703,0.069726727023735,0.0305256870763358,0.0782936609820709
zero_noise,3,2.2762,2.00097656250006,26,2.55254403104171,0.0714256308257759,0.0312519444382036,0.0800875335644107
zero_noise,3,2.2762,2.00097656250006,27,2.65071880146639,0.0740055864623306,0.0323796069059515,0.0822997365537976
zero_noise,3,2.2762,2.00097656250006,28,2.74889357189107,0.0758140762917785,0.0330849027755236,0.0841321005750652
zero_noise,3,2.2762,2.00097656250006,29,2.84706834231575,0.0768603187411933,0.0336042664634616,0.085133588019364
zero_noise,3,2.2762,2.00097656250006,30,2.94524311274043,0.07571997091516,0.0328535845291935,0.0847333299818973
zero_noise,3,2.2762,2.00097656250006,31,3.04341788316511,0.0744014160229119,0.0323695475976338,0.0825350983122363
zero_noise,3,2.2762,2.00097656250006,32,3.14159265358979,0.0703430987518929,0.0300711673115292,0.0780512693753549
zero_noise,3,2.2762,2.00097656250006,33,3.23976742401447,0.0626440425304861,0.0269457590013284,0.0703312471496424
zero_noise,3,2.2762,2.00097656250006,34,3.33794219443916,0.050615128107979,0.0214945441954217,0.058665948633912
zero_noise,3,2.2762,2.00097656250006,35,3.43611696486384,0.0365741792563048,0.0153646129748342,0.0439654856296086
zero_noise,3,2.2762,2.00097656250006,36,3.53429173528852,0.0184178057022754,0.00733254148138882,0.0256847814379784
zero_noise,3,2.2762,2.00097656250006,37,3.6324665057132,-0.00366669099079442,-0.0022515961834737,0.00394681590252977
zero_noise,3,2.2762,2.00097656250006,38,3.73064127613788,-0.0237847511587635,-0.010143556033783,-0.021047475678981
zero_noise,3,2.2762,2.00097656250006,39,3.82881604656256,-0.0491487739121654,-0.022171719757565,-0.0497835776734566
zero_noise,3,2.2762,2.00097656250006,40,3.92699081698724,-0.0849114120500006,-0.0401947641521818,-0.0795483954044758
zero_noise,3,2.2762,2.00097656250006,41,4.02516558741192,-0.114239207447457,-0.0539990658020008,-0.11177177523863
zero_noise,3,2.2762,2.00097656250006,42,4.1233403578366,-0.144902287034406,-0.0688558235722989,-0.142990779529074
zero_noise,3,2.2762,2.00097656250006,43,4.22151512826128,-0.178140295583773,-0.0850278133976635,-0.17531410445035
zero_noise,3,2.2762,2.00097656250006,44,4.31968989868597,-0.207529718660372,-0.0970509131432614,-0.205869510786178
zero_noise,3,2.2762,2.00097656250006,45,4.41786466911065,-0.236568803248478,-0.103164296713514,-0.234401056415332
zero_noise,3,2.2762,2.00097656250006,46,4.51603943953533,-0.263192605586537,-0.10471975511966,-0.260802448609144
zero_noise,3,2.2762,2.00097656250006,47,4.61421420996001,-0.284340980526698,-0.10471975511966,-0.282262850151409
zero_noise,3,2.2762,2.00097656250006,48,4.71238898038469,-0.300380811787436,-0.10471975511966,-0.298928802119393
zero_noise,3,2.2762,2.00097656250006,49,4.81056375080937,-0.311595840006587,-0.10471975511966,-0.310442309746037
zero_noise,3,2.2762,2.00097656250006,50,4.90873852123405,-0.319888590447555,-0.10471975511966,-0.316332926291406
zero_noise,3,2.2762,2.00097656250006,51,5.00691329165873,-0.323110942728832,-0.10471975511966,-0.316562177378035
zero_noise,3,2.2762,2.00097656250006,52,5.10508806208341,-0.317849129482418,-0.10471975511966,-0.310254659434933
zero_noise,3,2.2762,2.00097656250006,53,5.20326283250809,-0.307051146942721,-0.10471975511966,-0.298101485495759
zero_noise,3,2.2762,2.00097656250006,54,5.30143760293278,-0.289749573529017,-0.10471975511966,-0.280835319053602
zero_noise,3,2.2762,2.00097656250006,55,5.39961237335746,-0.264971480145607,-0.10471975511966,-0.257632337500456
zero_noise,3,2.2762,2.00097656250006,56,5.49778714378214,-0.234650841911024,-0.102780704446023,-0.229213712208644
zero_noise,3,2.2762,2.00097656250006,57,5.59596191420682,-0.198416521864442,-0.0930259953744496,-0.197751316831481
zero_noise,3,2.2762,2.00097656250006,58,5.6941366846315,-0.159045555743175,-0.0740906784224139,-0.161263216830106
zero_noise,3,2.2762,2.00097656250006,59,5.79231145505618,-0.119675594832749,-0.055423903075088,-0.122499591109464
zero_noise,3,2.2762,2.00097656250006,60,5.89048622548086,-0.081101889584614,-0.037222640914034,-0.082708616153086
zero_noise,3,2.2762,2.00097656250006,61,5.98866099590554,-0.0424788614435436,-0.0191734790496853,-0.0415538058835246
zero_noise,3,2.2762,2.00097656250006,62,6.08683576633022,-0.00325501478853059,-0.00103605608265308,-0.00125425510135423
zero_noise,3,2.2762,2.00097656250006,63,6.18501053675491,0.0364492280431702,0.0173505369878977,0.0389374892311693
zero_noise,4,2.6278,2.50195312500003,0,0,0.0708465429701819,0.0404175009077567,0.0758696657944137
zero_noise,4,2.6278,2.50195312500003,1,0.098174770424681,0.105893310088488,0.0599162919635171,0.110945394879258
zero_noise,4,2.6278,2.50195312500003,2,0.196349540849362,0.137899374803003,0.0782728342485907,0.142618125010304
zero_noise,4,2.6278,2.50195312500003,3,0.294524311274043,0.164097198640141,0.0936468350716042,0.169445709159238
zero_noise,4,2.6278,2.50195312500003,4,0.392699081698724,0.186770786096877,0.107233715983165,0.191659540605051
zero_noise,4,2.6278,2.50195312500003,5,0.490873852123405,0.205072276442109,0.117123974975097,0.209396359896922
zero_noise,4,2.6278,2.50195312500003,6,0.589048622548086,0.216570646249601,0.122467459674298,0.2219106088964
zero_noise,4,2.6278,2.50195312500003,7,0.687223392972767,0.225720785881967,0.125750116198862,0.229774728491228
zero_noise,4,2.6278,2.50195312500003,8,0.785398163397448,0.227774131761841,0.126577556793377,0.232424246360601
zero_noise,4,2.6278,2.50195312500003,9,0.883572933822129,0.224529807260616,0.124901248863968,0.230787125461994
zero_noise,4,2.6278,2.50195312500003,10,0.98174770424681,0.219142826270466,0.122010936148268,0.225251131182646
zero_noise,4,2.6278,2.50195312500003,11,1.07992247467149,0.20874834713798,0.116861651294937,0.216248325600934
zero_noise,4,2.6278,2.50195312500003,12,1.17809724509617,0.196526682477671,0.110367263678281,0.204605494680599
zero_noise,4,2.6278,2.50195312500003,13,1.27627201552085,0.180536716462907,0.10089444206385,0.190136570678017
zero_noise,4,2.6278,2.50195312500003,14,1.37444678594553,0.164086800499093,0.0913570376329677,0.174372010204357
zero_noise,4,2.6278,2.50195312500003,15,1.47262155637022,0.149744948885005,0.0828690371416839,0.159012590468882
zero_noise,4,2.6278,2.50195312500003,16,1.5707963267949,0.133547966444773,0.0737977813224845,0.143289960438036
zero_noise,4,2.6278,2.50195312500003,17,1.66897109721958,0.118797641925165,0.0655337772238688,0.128403905123616
zero_noise,4,2.6278,2.50195312500003,18,1.76714586764426,0.105342296067726,0.058043909489391,0.115235391755108
zero_noise,4,2.6278,2.50195312500003,19,1.86532063806894,0.0928048895394907,0.0508532467795036,0.103408868749712
zero_noise,4,2.6278,2.50195312500003,20,1.96349540849362,0.0837334403550393,0.0458693126486799,0.0938663999552152
zero_noise,4,2.6278,2.50195312500003,21,2.0616701789183,0.076916498083818,0.0422537980196064,0.0865702532992128
zero_noise,4,2.6278,2.50195312500003,22,2.15984494934298,0.0728101032969298,0.0401595494653284,0.0817158904415944
zero_noise,4,2.6278,2.50195312500003,23,2.25801971976766,0.0702822473932843,0.0387922963331801,0.0788273028315387
zero_noise,4,2.6278,2.50195312500003,24,2.35619449019234,0.0691710877746943,0.0380521833141357,0.0778516644230959
zero_noise,4,2.6278,2.50195312500003,25,2.45436926061703,0.069726727023735,0.0383658950658156,0.0782936609820709
zero_noise,4,2.6278,2.50195312500003,26,2.55254403104171,0.0714256308257759,0.0392866817157181,0.0800875335644107
zero_noise,4,2.6278,2.50195312500003,27,2.65071880146639,0.0740055864623306,0.0407048028172273,0.0822997365537976
zero_noise,4,2.6278,2.50195312500003,28,2.74889357189107,0.0758140762917785,0.0416307374787746,0.0841321005750652
zero_noise,4,2.6278,2.50195312500003,29,2.84706834231575,0.0768603187411933,0.0422554769190079,0.085133588019364
zero_noise,4,2.6278,2.50195312500003,30,2.94524311274043,0.07571997091516,0.0414268618063868,0.0847333299818973
zero_noise,4,2.6278,2.50195312500003,31,3.04341788316511,0.0744014160229119,0.0407759212826894,0.0825350983122363
zero_noise,4,2.6278,2.50195312500003,32,3.14159265358979,0.0703430987518929,0.0381255535996019,0.0780512693753549
zero_noise,4,2.6278,2.50195312500003,33,3.23976742401447,0.0626440425304861,0.03408541570716,0.0703312471496424
zero_noise,4,2.6278,2.50195312500003,34,3.33794219443916,0.050615128107979,0.0273186609779332,0.058665948633912
zero_noise,4,2.6278,2.50195312500003,35,3.43611696486384,0.0365741792563048,0.0196065262311284,0.0439654856296086
zero_noise,4,2.6278,2.50195312500003,36,3.53429173528852,0.0184178057022754,0.00954959432556613,0.0256847814379784
zero_noise,4,2.6278,2.50195312500003,37,3.6324665057132,-0.00366669099079442,-0.00253461514493785,0.00394681590252977
zero_noise,4,2.6278,2.50195312500003,38,3.73064127613788,-0.0237847511587635,-0.0128717950587791,-0.021047475678981
zero_noise,4,2.6278,2.50195312500003,39,3.82881604656256,-0.0502860838525338,-0.0277945925765588,-0.0497835776734566
zero_noise,4,2.6278,2.50195312500003,40,3.92699081698724,-0.0853765369612268,-0.0492311187139908,-0.0795483954044758
zero_noise,4,2.6278,2.50195312500003,41,4.02516558741192,-0.115604630758431,-0.0663201787932869,-0.11177177523863
zero_noise,4,2.6278,2.50195312500003,42,4.1233403578366,-0.146617531071784,-0.0844081650721959,-0.142990779529074
zero_noise,4,2.6278,2.50195312500003,43,4.22151512826128,-0.180255294401443,-0.104073309598419,-0.17531410445035
zero_noise,4,2.6278,2.50195312500003,44,4.31968989868597,-0.210342214924751,-0.119709173499559,-0.205869510786178
zero_noise,4,2.6278,2.50195312500003,45,4.41786466911065,-0.24023148616544,-0.130577734603899,-0.234401056415332
zero_noise,4,2.6278,2.50195312500003,46,4.51603943953533,-0.267234552545018,-0.137222714604731,-0.260802448609144
zero_noise,4,2.6278,2.50195312500003,47,4.61421420996001,-0.28802790905284,-0.139626340159546,-0.282262850151409
zero_noise,4,2.6278,2.50195312500003,48,4.71238898038469,-0.304884085502843,-0.139626340159546,-0.298928802119393
zero_noise,4,2.6278,2.50195312500003,49,4.81056375080937,-0.316464936876698,-0.139626340159546,-0.310442309746037
zero_noise,4,2.6278,2.50195312500003,50,4.90873852123405,-0.323418701588692,-0.139626340159546,-0.316332926291406
zero_noise,4,2.6278,2.50195312500003,51,5.00691329165873,-0.323323738540368,-0.139626340159546,-0.316562177378035
zero_noise,4,2.6278,2.50195312500003,52,5.10508806208341,-0.315586565429914,-0.139626340159546,-0.310254659434933
zero_noise,4,2.6278,2.50195312500003,53,5.20326283250809,-0.304120820920942,-0.139626340159546,-0.298101485495759
zero_noise,4,2.6278,2.50195312500003,54,5.30143760293278,-0.287159926367399,-0.139626340159546,-0.280835319053602
zero_noise,4,2.6278,2.50195312500003,55,5.39961237335746,-0.263722637174393,-0.136520331530606,-0.257632337500456
zero_noise,4,2.6278,2.50195312500003,56,5.49778714378214,-0.235111189241458,-0.12924680140511,-0.229213712208644
zero_noise,4,2.6278,2.50195312500003,57,5.59596191420682,-0.203282870551073,-0.115077370409774,-0.197751316831481
zero_noise,4,2.6278,2.50195312500003,58,5.6941366846315,-0.165902200668023,-0.0924529828715358,-0.161263216830106
zero_noise,4,2.6278,2.50195312500003,59,5.79231145505618,-0.125172567739174,-0.0693736360079051,-0.122499591109464
zero_noise,4,2.6278,2.50195312500003,60,5.89048622548086,-0.0856983779156037,-0.0469177883143479,-0.082708616153086
zero_noise,4,2.6278,2.50195312500003,61,5.98866099590554,-0.0461216166353294,-0.0245631065668141,-0.0415538058835246
zero_noise,4,2.6278,2.50195312500003,62,6.08683576633022,-0.00554513675298035,-0.00193787221671854,-0.00125425510135423
zero_noise,4,2.6278,2.50195312500003,63,6.18501053675491,0.033578899767015,0.0205962095437211,0.0389374892311693
zero_noise,5,2.9129,3.00292968749996,0,0,0.0708465429701819,0.0465033093202418,0.0758696657944137
zero_noise,5,2.9129,3.00292968749996,1,0.098174770424681,0.105893310088488,0.0691116955885113,0.110945394879258
zero_noise,5,2.9129,3.00292968749996,2,0.196349540849362,0.137899374803003,0.0901981423594732,0.142618125010304
zero_noise,5,2.9129,3.00292968749996,3,0.294524311274043,0.164097198640141,0.107736907785312,0.169445709159238
zero_noise,5,2.9129,3.00292968749996,4,0.392699081698724,0.186770786096877,0.123141130005907,0.191659540605051
zero_noise,5,2.9129,3.00292968749996,5,0.490873852123405,0.205072276442109,0.1347136352685,0.209396359896922
zero_noise,5,2.9129,3.00292968749996,6,0.589048622548086,0.216570646249601,0.141288096989359,0.2219106088964
zero_noise,5,2.9129,3.00292968749996,7,0.687223392972767,0.225396684356055,0.1456794298303,0.229774728491228
zero_noise,5,2.9129,3.00292968749996,8,0.785398163397448,0.228406411672014,0.146943327769104,0.232424246360601
zero_noise,5,2.9129,3.00292968749996,9,0.883572933822129,0.226102597599636,0.145141518611102,0.230787125461994
zero_noise,5,2.9129,3.00292968749996,10,0.98174770424681,0.220357188432039,0.141680186605023,0.225251131182646
zero_noise,5,2.9129,3.00292968749996,11,1.07992247467149,0.211623609744029,0.135814042984755,0.216248325600934
zero_noise,5,2.9129,3.00292968749996,12,1.17809724509617,0.200355265316803,0.128364864005985,0.204605494680599
zero_noise,5,2.9129,3.00292968749996,13,1.27627201552085,0.184376222629155,0.117590798176911,0.190136570678017
zero_noise,5,2.9129,3.00292968749996,14,1.37444678594553,0.168077622158816,0.106701154538137,0.174372010204357
zero_noise,5,2.9129,3.00292968749996,15,1.47262155637022,0.153446782417586,0.0969845861968642,0.159012590468882
zero_noise,5,2.9129,3.00292968749996,16,1.5707963267949,0.137415863328523,0.0865213977236921,0.143289960438036
zero_noise,5,2.9129,3.00292968749996,17,1.66897109721958,0.121405712184778,0.0767081642160506,0.128403905123616
zero_noise,5,2.9129,3.00292968749996,18,1.76714586764426,0.108604652244847,0.0681560580404822,0.115235391755108
zero_noise,5,2.9129,3.00292968749996,19,1.86532063806894,0.0965045339288712,0.0599835042093772,0.103408868749712
zero_noise,5,2.9129,3.00292968749996,20,1.96349540849362,0.0875826281580798,0.0542119757505599,0.0938663999552152
zero_noise,5,2.9129,3.00292968749996,21,2.0616701789183,0.0798741772410263,0.0497778738638903,0.0865702532992128
zero_noise,5,2.9129,3.00292968749996,22,2.15984494934298,0.0755303773239267,0.0472337150370481,0.0817158904415944
zero_noise,5,2.9129,3.00292968749996,23,2.25801971976766,0.0726124904529427,0.0455563351571326,0.0788273028315387
zero_noise,5,2.9129,3.00292968749996,24,2.35619449019234,0.0717178781753338,0.0447853222863753,0.0778516644230959
zero_noise,5,2.9129,3.00292968749996,25,2.45436926061703,0.0722544286135136,0.0451436017753552,0.0782936609820709
zero_noise,5,2.9129,3.00292968749996,26,2.55254403104171,0.0739575674666453,0.0462208588659035,0.0800875335644107
zero_noise,5,2.9129,3.00292968749996,27,2.65071880146639,0.0763810254935256,0.047840047352487,0.0822997365537976
zero_noise,5,2.9129,3.00292968749996,28,2.74889357189107,0.0785382713179551,0.0490122442466107,0.0841321005750652
zero_noise,5,2.9129,3.00292968749996,29,2.84706834231575,0.0797189213860366,0.0497481658124137,0.085133588019364
zero_noise,5,2.9129,3.00292968749996,30,2.94524311274043,0.0800094177174039,0.0491433729885902,0.0847333299818973
zero_noise,5,2.9129,3.00292968749996,31,3.04341788316511,0.0783503523051386,0.0482908074871792,0.0825350983122363
zero_noise,5,2.9129,3.00292968749996,32,3.14159265358979,0.0741714202960334,0.0453347269388882,0.0780512693753549
zero_noise,5,2.9129,3.00292968749996,33,3.23976742401447,0.0647104946553655,0.0402104314968011,0.0703312471496424
zero_noise,5,2.9129,3.00292968749996,34,3.33794219443916,0.0535918829205354,0.0325733053664536,0.058665948633912
zero_noise,5,2.9129,3.00292968749996,35,3.43611696486384,0.0383112675502519,0.0233474744949531,0.0439654856296086
zero_noise,5,2.9129,3.00292968749996,36,3.53429173528852,0.020305669742413,0.0117008094089355,0.0256847814379784
zero_noise,5,2.9129,3.00292968749996,37,3.6324665057132,-0.00251505157238077,-0.00253070243042643,0.00394681590252977
zero_noise,5,2.9129,3.00292968749996,38,3.73064127613788,-0.0250064949372604,-0.0152987350344754,-0.021047475678981
zero_noise,5,2.9129,3.00292968749996,39,3.82881604656256,-0.052387165353561,-0.0327131071319592,-0.0497835776734566
zero_noise,5,2.9129,3.00292968749996,40,3.92699081698724,-0.0853847927749639,-0.0564618535261854,-0.0795483954044758
zero_noise,5,2.9129,3.00292968749996,41,4.02516558741192,-0.115604630758431,-0.0761770691863158,-0.11177177523863
zero_noise,5,2.9129,3.00292968749996,42,4.1233403578366,-0.146617531071784,-0.0968500382721134,-0.142990779529074
zero_noise,5,2.9129,3.00292968749996,43,4.22151512826128,-0.180255294401443,-0.119309706559024,-0.17531410445035
zero_noise,5,2.9129,3.00292968749996,44,4.31968989868597,-0.210342214924751,-0.137835781784598,-0.205869510786178
zero_noise,5,2.9129,3.00292968749996,45,4.41786466911065,-0.24023148616544,-0.152508484916207,-0.234401056415332
zero_noise,5,2.9129,3.00292968749996,46,4.51603943953533,-0.267234552545018,-0.163225082192789,-0.260802448609144
zero_noise,5,2.9129,3.00292968749996,47,4.61421420996001,-0.28802790905284,-0.169306653938205,-0.282262850151409
zero_noise,5,2.9129,3.00292968749996,48,4.71238898038469,-0.304884085502843,-0.172677889228206,-0.298928802119393
zero_noise,5,2.9129,3.00292968749996,49,4.81056375080937,-0.316464936876698,-0.174532925199433,-0.310442309746037
zero_noise,5,2.9129,3.00292968749996,50,4.90873852123405,-0.323418701588692,-0.174532925199433,-0.316332926291406
zero_noise,5,2.9129,3.00292968749996,51,5.00691329165873,-0.323323738540368,-0.174532925199433,-0.316562177378035
zero_noise,5,2.9129,3.00292968749996,52,5.10508806208341,-0.315586565429914,-0.174532925199433,-0.310254659434933
zero_noise,5,2.9129,3.00292968749996,53,5.20326283250809,-0.304120820920942,-0.172525236311825,-0.298101485495759
zero_noise,5,2.9129,3.00292968749996,54,5.30143760293278,-0.287159926367399,-0.169133057401117,-0.280835319053602
zero_noise,5,2.9129,3.00292968749996,55,5.39961237335746,-0.263722637174393,-0.161960792659364,-0.257632337500456
zero_noise,5,2.9129,3.00292968749996,56,5.49778714378214,-0.235111189241458,-0.15041967897238,-0.229213712208644
zero_noise,5,2.9129,3.00292968749996,57,5.59596191420682,-0.203282870551073,-0.132718470438034,-0.197751316831481
zero_noise,5,2.9129,3.00292968749996,58,5.6941366846315,-0.165902200668023,-0.107142826430833,-0.161263216830106
zero_noise,5,2.9129,3.00292968749996,59,5.79231145505618,-0.125172567739174,-0.0805334223541588,-0.122499591109464
zero_noise,5,2.9129,3.00292968749996,60,5.89048622548086,-0.0856983779156037,-0.0546739062345991,-0.082708616153086
zero_noise,5,2.9129,3.00292968749996,61,5.98866099590554,-0.0461216166353294,-0.0288748085805172,-0.0415538058835246
zero_noise,5,2.9129,3.00292968749996,62,6.08683576633022,-0.00554513675298035,-0.0026593251239709,-0.00125425510135423
zero_noise,5,2.9129,3.00292968749996,63,6.18501053675491,0.033578899767015,0.0231927475883799,0.0389374892311693
zero_noise,6,3.26415,3.50390624999993,0,0,0.0713580510932752,0.0514742576748485,0.0758696657944137
zero_noise,6,3.26415,3.50390624999993,1,0.098174770424681,0.106906806863361,0.0766707178434812,0.110945394879258
zero_noise,6,3.26415,3.50390624999993,2,0.196349540849362,0.138364229696586,0.0998313598268957,0.142618125010304
zero_noise,6,3.26415,3.50390624999993,3,0.294524311274043,0.164206315510733,0.119030789330396,0.169445709159238
zero_noise,6,3.26415,3.50390624999993,4,0.392699081698724,0.187148562814325,0.135942616567591,0.191659540605051
zero_noise,6,3.26415,3.50390624999993,5,0.490873852123405,0.205383389251229,0.148847586065046,0.209396359896922
zero_noise,6,3.26415,3.50390624999993,6,0.589048622548086,0.216867155570528,0.156403908705593,0.2219106088964
zero_noise,6,3.26415,3.50390624999993,7,0.687223392972767,0.225819981620515,0.161707540188343,0.229774728491228
zero_noise,6,3.26415,3.50390624999993,8,0.785398163397448,0.228522683119401,0.163259198839164,0.232424246360601
zero_noise,6,3.26415,3.50390624999993,9,0.883572933822129,0.226102597599636,0.161333734408809,0.230787125461994
zero_noise,6,3.26415,3.50390624999993,10,0.98174770424681,0.220357188432039,0.157415586970426,0.225251131182646
zero_noise,6,3.26415,3.50390624999993,11,1.07992247467149,0.211623609744029,0.15097595633661,0.216248325600934
zero_noise,6,3.26415,3.50390624999993,12,1.17809724509617,0.200355265316803,0.142762944268149,0.204605494680599
zero_noise,6,3.26415,3.50390624999993,13,1.27627201552085,0.184376222629155,0.13094788306736,0.190136570678017
zero_noise,6,3.26415,3.50390624999993,14,1.37444678594553,0.168077622158816,0.118976448062273,0.174372010204357
zero_noise,6,3.26415,3.50390624999993,15,1.47262155637022,0.153446782417586,0.108277025441009,0.159012590468882
zero_noise,6,3.26415,3.50390624999993,16,1.5707963267949,0.137415863328523,0.0967002908446582,0.143289960438036
zero_noise,6,3.26415,3.50390624999993,17,1.66897109721958,0.121405712184778,0.085647673809796,0.128403905123616
zero_noise,6,3.26415,3.50390624999993,18,1.76714586764426,0.108604652244847,0.0762457768813551,0.115235391755108
zero_noise,6,3.26415,3.50390624999993,19,1.86532063806894,0.0965045339288712,0.067287710153276,0.103408868749712
zero_noise,6,3.26415,3.50390624999993,20,1.96349540849362,0.0875826281580798,0.0608861062320639,0.0938663999552152
zero_noise,6,3.26415,3.50390624999993,21,2.0616701789183,0.0798741772410263,0.0557971345393175,0.0865702532992128
zero_noise,6,3.26415,3.50390624999993,22,2.15984494934298,0.0755303773239267,0.0528930474944238,0.0817158904415944
zero_noise,6,3.26415,3.50390624999993,23,2.25801971976766,0.0726124904529427,0.0509675662162946,0.0788273028315387
zero_noise,6,3.26415,3.50390624999993,24,2.35619449019234,0.0717178781753338,0.050171833464167,0.0778516644230959
zero_noise,6,3.26415,3.50390624999993,25,2.45436926061703,0.0722544286135136,0.0505657671429869,0.0782936609820709
zero_noise,6,3.26415,3.50390624999993,26,2.55254403104171,0.0739575674666453,0.0517682005860519,0.0800875335644107
zero_noise,6,3.26415,3.50390624999993,27,2.65071880146639,0.0763810254935256,0.0535482429806947,0.0822997365537976
zero_noise,6,3.26415,3.50390624999993,28,2.74889357189107,0.0785382713179551,0.0549174496608796,0.0841321005750652
zero_noise,6,3.26415,3.50390624999993,29,2.84706834231575,0.0797189213860366,0.0557423169271382,0.085133588019364
zero_noise,6,3.26415,3.50390624999993,30,2.94524311274043,0.0800094177174039,0.055316581934353,0.0847333299818973
zero_noise,6,3.26415,3.50390624999993,31,3.04341788316511,0.0783503523051386,0.0543027164507711,0.0825350983122363
zero_noise,6,3.26415,3.50390624999993,32,3.14159265358979,0.0741714202960334,0.0511020656103173,0.0780512693753549
zero_noise,6,3.26415,3.50390624999993,33,3.23976742401447,0.0647104946553655,0.045110444128514,0.0703312471496424
zero_noise,6,3.26415,3.50390624999993,34,3.33794219443916,0.0535918829205354,0.03677702087727,0.058665948633912
zero_noise,6,3.26415,3.50390624999993,35,3.43611696486384,0.0383112675502519,0.0263402331060128,0.0439654856296086
zero_noise,6,3.26415,3.50390624999993,36,3.53429173528852,0.020305669742413,0.013421781475631,0.0256847814379784
zero_noise,6,3.26415,3.50390624999993,37,3.6324665057132,-0.00251505157238077,-0.0025275722588173,0.00394681590252977
zero_noise,6,3.26415,3.50390624999993,38,3.73064127613788,-0.0250064949372604,-0.0172402870150324,-0.021047475678981
zero_noise,6,3.26415,3.50390624999993,39,3.82881604656256,-0.0529424150381942,-0.0367589687132062,-0.0497835776734566
zero_noise,6,3.26415,3.50390624999993,40,3.92699081698724,-0.0848929935462883,-0.062148081530206,-0.0795483954044758
zero_noise,6,3.26415,3.50390624999993,41,4.02516558741192,-0.115874001447138,-0.0841164556384803,-0.11177177523863
zero_noise,6,3.26415,3.50390624999993,42,4.1233403578366,-0.147017154389463,-0.106883461495583,-0.142990779529074
zero_noise,6,3.26415,3.50390624999993,43,4.22151512826128,-0.179570149759582,-0.131361795199136,-0.17531410445035
zero_noise,6,3.26415,3.50390624999993,44,4.31968989868597,-0.210462137674166,-0.152361052962511,-0.205869510786178
zero_noise,6,3.26415,3.50390624999993,45,4.41786466911065,-0.239010018474442,-0.169808791627854,-0.234401056415332
zero_noise,6,3.26415,3.50390624999993,46,4.51603943953533,-0.266530657694483,-0.183886197293128,-0.260802448609144
zero_noise,6,3.26415,3.50390624999993,47,4.61421420996001,-0.287970244404434,-0.193039372031451,-0.282262850151409
zero_noise,6,3.26415,3.50390624999993,48,4.71238898038469,-0.304956974873728,-0.19913370635731,-0.298928802119393
zero_noise,6,3.26415,3.50390624999993,49,4.81056375080937,-0.316633138643036,-0.202952967888154,-0.310442309746037
zero_noise,6,3.26415,3.50390624999993,50,4.90873852123405,-0.32294987213654,-0.204216314586854,-0.316332926291406
zero_noise,6,3.26415,3.50390624999993,51,5.00691329165873,-0.323168916553534,-0.204260123470253,-0.316562177378035
zero_noise,6,3.26415,3.50390624999993,52,5.10508806208341,-0.316337481775719,-0.20289383651469,-0.310254659434933
zero_noise,6,3.26415,3.50390624999993,53,5.20326283250809,-0.30405962123477,-0.198832113296414,-0.298101485495759
zero_noise,6,3.26415,3.50390624999993,54,5.30143760293278,-0.287357913454416,-0.192778028611777,-0.280835319053602
zero_noise,6,3.26415,3.50390624999993,55,5.39961237335746,-0.263753129380081,-0.182319260003507,-0.257632337500456
zero_noise,6,3.26415,3.50390624999993,56,5.49778714378214,-0.234706200134957,-0.167276983204895,-0.229213712208644
zero_noise,6,3.26415,3.50390624999993,57,5.59596191420682,-0.204184158081818,-0.147011607966791,-0.197751316831481
zero_noise,6,3.26415,3.50390624999993,58,5.6941366846315,-0.166721904847944,-0.119058642114255,-0.161263216830106
zero_noise,6,3.26415,3.50390624999993,59,5.79231145505618,-0.127741917259619,-0.0899751213352508,-0.122499591109464
zero_noise,6,3.26415,3.50390624999993,60,5.89048622548086,-0.0870487938152014,-0.0611488837507196,-0.082708616153086
zero_noise,6,3.26415,3.50390624999993,61,5.98866099590554,-0.0451476189279498,-0.0321293706500037,-0.0415538058835246
zero_noise,6,3.26415,3.50390624999993,62,6.08683576633022,-0.00480505707717838,-0.0030884715146124,-0.00125425510135423
zero_noise,6,3.26415,3.50390624999993,63,6.18501053675491,0.033406861640347,0.0252355703987733,0.0389374892311693
zero_noise,7,3.54795,4.0039062500001,0,0,0.0713580510932752,0.0554510163585338,0.0758696657944137
zero_noise,7,3.54795,4.0039062500001,1,0.098174770424681,0.106906806863361,0.0827179356474571,0.110945394879258
zero_noise,7,3.54795,4.0039062500001,2,0.196349540849362,0.138364229696586,0.107537933800834,0.142618125010304
zero_noise,7,3.54795,4.0039062500001,3,0.294524311274043,0.164206315510733,0.128065894566463,0.169445709159238
zero_noise,7,3.54795,4.0039062500001,4,0.392699081698724,0.187148562814325,0.146183805816938,0.191659540605051
zero_noise,7,3.54795,4.0039062500001,5,0.490873852123405,0.205383389251229,0.160154746702282,0.209396359896922
zero_noise,7,3.54795,4.0039062500001,6,0.589048622548086,0.216867155570528,0.16849655807858,0.2219106088964
zero_noise,7,3.54795,4.0039062500001,7,0.687223392972767,0.225295295501646,0.174425091251004,0.229774728491228
zero_noise,7,3.54795,4.0039062500001,8,0.785398163397448,0.227927650813554,0.176192889234042,0.232424246360601
zero_noise,7,3.54795,4.0039062500001,9,0.883572933822129,0.22629159812191,0.174325307151429,0.230787125461994
zero_noise,7,3.54795,4.0039062500001,10,0.98174770424681,0.220141085505094,0.169960686677359,0.225251131182646
zero_noise,7,3.54795,4.0039062500001,11,1.07992247467149,0.211209298758809,0.16302262482105,0.216248325600934
zero_noise,7,3.54795,4.0039062500001,12,1.17809724509617,0.200401805983267,0.154290716611172,0.204605494680599
zero_noise,7,3.54795,4.0039062500001,13,1.27627201552085,0.185222467226177,0.141802799899123,0.190136570678017
zero_noise,7,3.54795,4.0039062500001,14,1.37444678594553,0.169767639849433,0.129134686419705,0.174372010204357
zero_noise,7,3.54795,4.0039062500001,15,1.47262155637022,0.154774858322513,0.117576592017309,0.159012590468882
zero_noise,7,3.54795,4.0039062500001,16,1.5707963267949,0.137964009184413,0.104953034512609,0.143289960438036
zero_noise,7,3.54795,4.0039062500001,17,1.66897109721958,0.124072295405384,0.0933325981289136,0.128403905123616
zero_noise,7,3.54795,4.0039062500001,18,1.76714586764426,0.110154408306109,0.0830275031663059,0.115235391755108
zero_noise,7,3.54795,4.0039062500001,19,1.86532063806894,0.0978328558305624,0.0733967392887332,0.103408868749712
zero_noise,7,3.54795,4.0039062500001,20,1.96349540849362,0.0878432855447831,0.0662775420946077,0.0938663999552152
zero_noise,7,3.54795,4.0039062500001,21,2.0616701789183,0.080890191380747,0.0608157459076034,0.0865702532992128
zero_noise,7,3.54795,4.0039062500001,22,2.15984494934298,0.0760033498596692,0.0575151079674729,0.0817158904415944
zero_noise,7,3.54795,4.0039062500001,23,2.25801971976766,0.0725782676880482,0.0552897065106453,0.0788273028315387
zero_noise,7,3.54795,4.0039062500001,24,2.35619449019234,0.0724781461350871,0.054633095998351,0.0778516644230959
zero_noise,7,3.54795,4.0039062500001,25,2.45436926061703,0.072892269024877,0.0550310675193649,0.0782936609820709
zero_noise,7,3.54795,4.0039062500001,26,2.55254403104171,0.0747504734732379,0.0563646551634891,0.0800875335644107
zero_noise,7,3.54795,4.0039062500001,27,2.65071880146639,0.0771112518567444,0.0582608447559046,0.0822997365537976
zero_noise,7,3.54795,4.0039062500001,28,2.74889357189107,0.0784338232550583,0.0596207243797153,0.0841321005750652
zero_noise,7,3.54795,4.0039062500001,29,2.84706834231575,0.0803171545945505,0.0606572844606207,0.085133588019364
zero_noise,7,3.54795,4.0039062500001,30,2.94524311274043,0.0803418206964999,0.0603216296867824,0.0847333299818973
zero_noise,7,3.54795,4.0039062500001,31,3.04341788316511,0.0780787786721974,0.0590579288950564,0.0825350983122363
zero_noise,7,3.54795,4.0039062500001,32,3.14159265358979,0.0734147747328506,0.0555646074348239,0.0780512693753549
zero_noise,7,3.54795,4.0039062500001,33,3.23976742401447,0.0656051403457434,0.0492093833719599,0.0703312471496424
zero_noise,7,3.54795,4.0039062500001,34,3.33794219443916,0.0543505772433997,0.0402917321504959,0.058665948633912
zero_noise,7,3.54795,4.0039062500001,35,3.43611696486384,0.0394736476418786,0.028966916013186,0.0439654856296086
zero_noise,7,3.54795,4.0039062500001,36,3.53429173528852,0.0212831732670287,0.0149940598339105,0.0256847814379784
zero_noise,7,3.54795,4.0039062500001,37,3.6324665057132,-0.00159459824353364,-0.00234097745576057,0.00394681590252977
zero_noise,7,3.54795,4.0039062500001,38,3.73064127613788,-0.0257756340733548,-0.0189473564266969,-0.021047475678981
zero_noise,7,3.54795,4.0039062500001,39,3.82881604656256,-0.0529811161491937,-0.0400033982004037,-0.0497835776734566
zero_noise,7,3.54795,4.0039062500001,40,3.92699081698724,-0.0843930362585606,-0.0665970724758769,-0.0795483954044758
zero_noise,7,3.54795,4.0039062500001,41,4.02516558741192,-0.115874001447138,-0.0904679648002119,-0.11177177523863
zero_noise,7,3.54795,4.0039062500001,42,4.1233403578366,-0.147017154389463,-0.114910200074359,-0.142990779529074
zero_noise,7,3.54795,4.0039062500001,43,4.22151512826128,-0.179570149759582,-0.141003466111225,-0.17531410445035
zero_noise,7,3.54795,4.0039062500001,44,4.31968989868597,-0.210462137674166,-0.163981269904842,-0.205869510786178
zero_noise,7,3.54795,4.0039062500001,45,4.41786466911065,-0.239010018474442,-0.183649036997172,-0.234401056415332
zero_noise,7,3.54795,4.0039062500001,46,4.51603943953533,-0.266530657694483,-0.200415089373399,-0.260802448609144
zero_noise,7,3.54795,4.0039062500001,47,4.61421420996001,-0.287970244404434,-0.212025546506048,-0.282262850151409
zero_noise,7,3.54795,4.0039062500001,48,4.71238898038469,-0.304956974873728,-0.220298360060594,-0.298928802119393
zero_noise,7,3.54795,4.0039062500001,49,4.81056375080937,-0.316633138643036,-0.22568900203913,-0.310442309746037
zero_noise,7,3.54795,4.0039062500001,50,4.90873852123405,-0.32294987213654,-0.227963026096792,-0.316332926291406
zero_noise,7,3.54795,4.0039062500001,51,5.00691329165873,-0.323168916553534,-0.228041882086909,-0.316562177378035
zero_noise,7,3.54795,4.0039062500001,52,5.10508806208341,-0.316337481775719,-0.225582565566896,-0.310254659434933
zero_noise,7,3.54795,4.0039062500001,53,5.20326283250809,-0.30405962123477,-0.219877614884085,-0.298101485495759
zero_noise,7,3.54795,4.0039062500001,54,5.30143760293278,-0.287357913454416,-0.211694005580305,-0.280835319053602
zero_noise,7,3.54795,4.0039062500001,55,5.39961237335746,-0.263753129380081,-0.198606033878822,-0.257632337500456
zero_noise,7,3.54795,4.0039062500001,56,5.49778714378214,-0.234706200134957,-0.180762826590908,-0.229213712208644
zero_noise,7,3.54795,4.0039062500001,57,5.59596191420682,-0.204184158081818,-0.158446117989796,-0.197751316831481
zero_noise,7,3.54795,4.0039062500001,58,5.6941366846315,-0.166721904847944,-0.128591294660993,-0.161263216830106
zero_noise,7,3.54795,4.0039062500001,59,5.79231145505618,-0.127741917259619,-0.0975284805201244,-0.122499591109464
zero_noise,7,3.54795,4.0039062500001,60,5.89048622548086,-0.0870487938152014,-0.0663288657636159,-0.082708616153086
zero_noise,7,3.54795,4.0039062500001,61,5.98866099590554,-0.0451476189279498,-0.0347330203055929,-0.0415538058835246
zero_noise,7,3.54795,4.0039062500001,62,6.08683576633022,-0.00480505707717838,-0.00343178862712559,-0.00125425510135423
zero_noise,7,3.54795,4.0039062500001,63,6.18501053675491,0.033406861640347,0.0268698286470881,0.0389374892311693
zero_noise,8,3.89825,4.50390625000032,0,0,0.0719033631224063,0.0587414857113083,0.0758696657944137
zero_noise,8,3.89825,4.50390625000032,1,0.098174770424681,0.106438546498502,0.0874620578176661,0.110945394879258
zero_noise,8,3.89825,4.50390625000032,2,0.196349540849362,0.138044984986508,0.113639344037969,0.142618125010304
zero_noise,8,3.89825,4.50390625000032,3,0.294524311274043,0.164500163918995,0.13535274843697,0.169445709159238
zero_noise,8,3.89825,4.50390625000032,4,0.392699081698724,0.188134257266759,0.154573896106902,0.191659540605051
zero_noise,8,3.89825,4.50390625000032,5,0.490873852123405,0.206047516330118,0.16933330062785,0.209396359896922
zero_noise,8,3.89825,4.50390625000032,6,0.589048622548086,0.216848412797619,0.178166929022388,0.2219106088964
zero_noise,8,3.89825,4.50390625000032,7,0.687223392972767,0.226310382970967,0.184802149594996,0.229774728491228
zero_noise,8,3.89825,4.50390625000032,8,0.785398163397448,0.228387436310957,0.186631798649425,0.232424246360601
zero_noise,8,3.89825,4.50390625000032,9,0.883572933822129,0.22629159812191,0.184718565345525,0.230787125461994
zero_noise,8,3.89825,4.50390625000032,10,0.98174770424681,0.220141085505094,0.179996766442906,0.225251131182646
zero_noise,8,3.89825,4.50390625000032,11,1.07992247467149,0.211209298758809,0.172659959608602,0.216248325600934
zero_noise,8,3.89825,4.50390625000032,12,1.17809724509617,0.200401805983267,0.163512934485591,0.204605494680599
zero_noise,8,3.89825,4.50390625000032,13,1.27627201552085,0.185222467226177,0.150486733364534,0.190136570678017
zero_noise,8,3.89825,4.50390625000032,14,1.37444678594553,0.169767639849433,0.137261277105651,0.174372010204357
zero_noise,8,3.89825,4.50390625000032,15,1.47262155637022,0.154774858322513,0.12501624527835,0.159012590468882
zero_noise,8,3.89825,4.50390625000032,16,1.5707963267949,0.137964009184413,0.11155522944697,0.143289960438036
zero_noise,8,3.89825,4.50390625000032,17,1.66897109721958,0.124072295405384,0.0994805375842076,0.128403905123616
zero_noise,8,3.89825,4.50390625000032,18,1.76714586764426,0.110154408306109,0.0884528841942664,0.115235391755108
zero_noise,8,3.89825,4.50390625000032,19,1.86532063806894,0.0978328558305624,0.0782839625970991,0.103408868749712
zero_noise,8,3.89825,4.50390625000032,20,1.96349540849362,0.0878432855447831,0.0705906907846428,0.0938663999552152
zero_noise,8,3.89825,4.50390625000032,21,2.0616701789183,0.080890191380747,0.0648306350022321,0.0865702532992128
zero_noise,8,3.89825,4.50390625000032,22,2.15984494934298,0.0760033498596692,0.0612127563459122,0.0817158904415944
zero_noise,8,3.89825,4.50390625000032,23,2.25801971976766,0.0725782676880482,0.0587474187461259,0.0788273028315387
zero_noise,8,3.89825,4.50390625000032,24,2.35619449019234,0.0724781461350871,0.0582021060256982,0.0778516644230959
zero_noise,8,3.89825,4.50390625000032,25,2.45436926061703,0.072892269024877,0.0586033078204673,0.0782936609820709
zero_noise,8,3.89825,4.50390625000032,26,2.55254403104171,0.0747504734732379,0.0600418188254388,0.0800875335644107
zero_noise,8,3.89825,4.50390625000032,27,2.65071880146639,0.0771112518567444,0.0620309261760726,0.0822997365537976
zero_noise,8,3.89825,4.50390625000032,28,2.74889357189107,0.0784338232550583,0.0633833441547839,0.0841321005750652
zero_noise,8,3.89825,4.50390625000032,29,2.84706834231575,0.0803171545945505,0.0645892584874067,0.085133588019364
zero_noise,8,3.89825,4.50390625000032,30,2.94524311274043,0.0803418206964999,0.0643256678887259,0.0847333299818973
zero_noise,8,3.89825,4.50390625000032,31,3.04341788316511,0.0780787786721974,0.0628620988504846,0.0825350983122363
zero_noise,8,3.89825,4.50390625000032,32,3.14159265358979,0.0734147747328506,0.0591346408944293,0.0780512693753549
zero_noise,8,3.89825,4.50390625000032,33,3.23976742401447,0.0656051403457434,0.0524885347667166,0.0703312471496424
zero_noise,8,3.89825,4.50390625000032,34,3.33794219443916,0.0543505772433997,0.0431035011690767,0.058665948633912
zero_noise,8,3.89825,4.50390625000032,35,3.43611696486384,0.0394736476418786,0.0310682623389245,0.0439654856296086
zero_noise,8,3.89825,4.50390625000032,36,3.53429173528852,0.0212831732670287,0.0162518825205342,0.0256847814379784
zero_noise,8,3.89825,4.50390625000032,37,3.6324665057132,-0.00159459824353364,-0.00219170161331518,0.00394681590252977
zero_noise,8,3.89825,4.50390625000032,38,3.73064127613788,-0.0257756340733548,-0.0203130119560285,-0.021047475678981
zero_noise,8,3.89825,4.50390625000032,39,3.82881604656256,-0.0530888455579617,-0.0426204876719153,-0.0497835776734566
zero_noise,8,3.89825,4.50390625000032,40,3.92699081698724,-0.0841813852251302,-0.0701139350257276,-0.0795483954044758
zero_noise,8,3.89825,4.50390625000032,41,4.02516558741192,-0.115258826198946,-0.0954261370799588,-0.11177177523863
zero_noise,8,3.89825,4.50390625000032,42,4.1233403578366,-0.147223697037713,-0.12137289946703,-0.142990779529074
zero_noise,8,3.89825,4.50390625000032,43,4.22151512826128,-0.180913829817879,-0.148985538852556,-0.17531410445035
zero_noise,8,3.89825,4.50390625000032,44,4.31968989868597,-0.211126001115087,-0.173410216146891,-0.205869510786178
zero_noise,8,3.89825,4.50390625000032,45,4.41786466911065,-0.239182586144239,-0.194755746826585,-0.234401056415332
zero_noise,8,3.89825,4.50390625000032,46,4.51603943953533,-0.266868533700406,-0.2137057782388,-0.260802448609144
zero_noise,8,3.89825,4.50390625000032,47,4.61421420996001,-0.288411849481615,-0.227302807101161,-0.282262850151409
zero_noise,8,3.89825,4.50390625000032,48,4.71238898038469,-0.305103227044758,-0.237259333457427,-0.298928802119393
zero_noise,8,3.89825,4.50390625000032,49,4.81056375080937,-0.316624418736099,-0.243876085378524,-0.310442309746037
zero_noise,8,3.89825,4.50390625000032,50,4.90873852123405,-0.322738194355595,-0.246918059748552,-0.316332926291406
zero_noise,8,3.89825,4.50390625000032,51,5.00691329165873,-0.322784018920106,-0.246990309453549,-0.316562177378035
zero_noise,8,3.89825,4.50390625000032,52,5.10508806208341,-0.316987435301736,-0.243863539513864,-0.310254659434933
zero_noise,8,3.89825,4.50390625000032,53,5.20326283250809,-0.304877357626505,-0.236877563432569,-0.298101485495759
zero_noise,8,3.89825,4.50390625000032,54,5.30143760293278,-0.287465545543383,-0.22684831357292,-0.280835319053602
zero_noise,8,3.89825,4.50390625000032,55,5.39961237335746,-0.26367717048373,-0.211620261199803,-0.257632337500456
zero_noise,8,3.89825,4.50390625000032,56,5.49778714378214,-0.234897326662032,-0.191589726605133,-0.229213712208644
zero_noise,8,3.89825,4.50390625000032,57,5.59596191420682,-0.203294329002196,-0.167415760192276,-0.197751316831481
zero_noise,8,3.89825,4.50390625000032,58,5.6941366846315,-0.165746951124338,-0.136022425953662,-0.161263216830106
zero_noise,8,3.89825,4.50390625000032,59,5.79231145505618,-0.127685628787303,-0.10355991017356,-0.122499591109464
zero_noise,8,3.89825,4.50390625000032,60,5.89048622548086,-0.0881111755028055,-0.0706853277114538,-0.082708616153086
zero_noise,8,3.89825,4.50390625000032,61,5.98866099590554,-0.0460167034273095,-0.0369897569299362,-0.0415538058835246
zero_noise,8,3.89825,4.50390625000032,62,6.08683576633022,-0.00548494350304799,-0.00384241960231007,-0.00125425510135423
zero_noise,8,3.89825,4.50390625000032,63,6.18501053675491,0.034442392825384,0.0283843414827473,0.0389374892311693
zero_noise,9,4.18225,5.00488281250022,0,0,0.0719033631224063,0.0613738611935279,0.0758696657944137
zero_noise,9,4.18225,5.00488281250022,1,0.098174770424681,0.106438546498502,0.0912573555538333,0.110945394879258
zero_noise,9,4.18225,5.00488281250022,2,0.196349540849362,0.138044984986508,0.118520472227676,0.142618125010304
zero_noise,9,4.18225,5.00488281250022,3,0.294524311274043,0.164500163918995,0.141182231533375,0.169445709159238
zero_noise,9,4.18225,5.00488281250022,4,0.392699081698724,0.188134257266759,0.161285968338873,0.191659540605051
zero_noise,9,4.18225,5.00488281250022,5,0.490873852123405,0.206047516330118,0.176676143768303,0.209396359896922
zero_noise,9,4.18225,5.00488281250022,6,0.589048622548086,0.216848412797619,0.185903225777434,0.2219106088964
zero_noise,9,4.18225,5.00488281250022,7,0.687223392972767,0.225549870824012,0.1929516938408,0.229774728491228
zero_noise,9,4.18225,5.00488281250022,8,0.785398163397448,0.227872811943932,0.194880001308326,0.232424246360601
zero_noise,9,4.18225,5.00488281250022,9,0.883572933822129,0.227090299091113,0.193192912094643,0.230787125461994
zero_noise,9,4.18225,5.00488281250022,10,0.98174770424681,0.221108519383341,0.188219117030993,0.225251131182646
zero_noise,9,4.18225,5.00488281250022,11,1.07992247467149,0.210700383700291,0.18026804442694,0.216248325600934
zero_noise,9,4.18225,5.00488281250022,12,1.17809724509617,0.200504559587275,0.170911259505928,0.204605494680599
zero_noise,9,4.18225,5.00488281250022,13,1.27627201552085,0.185557260735825,0.157500838838792,0.190136570678017
zero_noise,9,4.18225,5.00488281250022,14,1.37444678594553,0.168679672574257,0.143544956199372,0.174372010204357
zero_noise,9,4.18225,5.00488281250022,15,1.47262155637022,0.153772796642265,0.130767555551133,0.159012590468882
zero_noise,9,4.18225,5.00488281250022,16,1.5707963267949,0.137436215193907,0.116731426596357,0.143289960438036
zero_noise,9,4.18225,5.00488281250022,17,1.66897109721958,0.122770197821833,0.104138469631733,0.128403905123616
zero_noise,9,4.18225,5.00488281250022,18,1.76714586764426,0.109855491232075,0.0927334056018281,0.115235391755108
zero_noise,9,4.18225,5.00488281250022,19,1.86532063806894,0.0984187083940155,0.0823109117564823,0.103408868749712
zero_noise,9,4.18225,5.00488281250022,20,1.96349540849362,0.0885346861008665,0.0741794898478875,0.0938663999552152
zero_noise,9,4.18225,5.00488281250022,21,2.0616701789183,0.0812402571495632,0.0681125594316983,0.0865702532992128
zero_noise,9,4.18225,5.00488281250022,22,2.15984494934298,0.0762282107216696,0.0642158472210636,0.0817158904415944
zero_noise,9,4.18225,5.00488281250022,23,2.25801971976766,0.073405044375916,0.0616789438720839,0.0788273028315387
zero_noise,9,4.18225,5.00488281250022,24,2.35619449019234,0.072906146899666,0.0611429142004918,0.0778516644230959
zero_noise,9,4.18225,5.00488281250022,25,2.45436926061703,0.0729114008794303,0.0614649264322599,0.0782936609820709
zero_noise,9,4.18225,5.00488281250022,26,2.55254403104171,0.0753123491968441,0.0630959248997199,0.0800875335644107
zero_noise,9,4.18225,5.00488281250022,27,2.65071880146639,0.0775131333083153,0.0651273676025211,0.0822997365537976
zero_noise,9,4.18225,5.00488281250022,28,2.74889357189107,0.0791272520670931,0.0665321257372458,0.0841321005750652
zero_noise,9,4.18225,5.00488281250022,29,2.84706834231575,0.0801810484888251,0.0677076164876903,0.085133588019364
zero_noise,9,4.18225,5.00488281250022,30,2.94524311274043,0.080170357196192,0.0674946057502191,0.0847333299818973
zero_noise,9,4.18225,5.00488281250022,31,3.04341788316511,0.0779943064947331,0.0658885403793343,0.0825350983122363
zero_noise,9,4.18225,5.00488281250022,32,3.14159265358979,0.0729123817715902,0.0618901890698614,0.0780512693753549
zero_noise,9,4.18225,5.00488281250022,33,3.23976742401447,0.0652459705000699,0.0550400219133872,0.0703312471496424
zero_noise,9,4.18225,5.00488281250022,34,3.33794219443916,0.0536468717146709,0.0452121752781955,0.058665948633912
zero_noise,9,4.18225,5.00488281250022,35,3.43611696486384,0.0395213821347731,0.0327588862980942,0.0439654856296086
zero_noise,9,4.18225,5.00488281250022,36,3.53429173528852,0.0217449554548116,0.0173504971073896,0.0256847814379784
zero_noise,9,4.18225,5.00488281250022,37,3.6324665057132,-0.000844893487652689,-0.00192233998818268,0.00394681590252977
zero_noise,9,4.18225,5.00488281250022,38,3.73064127613788,-0.0256254620301798,-0.0213755019708587,-0.021047475678981
zero_noise,9,4.18225,5.00488281250022,39,3.82881604656256,-0.0533494779998773,-0.0447662857375077,-0.0497835776734566
zero_noise,9,4.18225,5.00488281250022,40,3.92699081698724,-0.0841316215309392,-0.0729174723267699,-0.0795483954044758
zero_noise,9,4.18225,5.00488281250022,41,4.02516558741192,-0.115258826198946,-0.0993926749037563,-0.11177177523863
zero_noise,9,4.18225,5.00488281250022,42,4.1233403578366,-0.147223697037713,-0.126543058981167,-0.142990779529074
zero_noise,9,4.18225,5.00488281250022,43,4.22151512826128,-0.180913829817879,-0.155371197045621,-0.17531410445035
zero_noise,9,4.18225,5.00488281250022,44,4.31968989868597,-0.211126001115087,-0.180953373140531,-0.205869510786178
zero_noise,9,4.18225,5.00488281250022,45,4.41786466911065,-0.239182586144239,-0.203641114690116,-0.234401056415332
zero_noise,9,4.18225,5.00488281250022,46,4.51603943953533,-0.266868533700406,-0.224338329331121,-0.260802448609144
zero_noise,9,4.18225,5.00488281250022,47,4.61421420996001,-0.288411849481615,-0.239524615577252,-0.282262850151409
zero_noise,9,4.18225,5.00488281250022,48,4.71238898038469,-0.305103227044758,-0.250828112174893,-0.298928802119393
zero_noise,9,4.18225,5.00488281250022,49,4.81056375080937,-0.316624418736099,-0.258425752050039,-0.310442309746037
zero_noise,9,4.18225,5.00488281250022,50,4.90873852123405,-0.322738194355595,-0.262082086669961,-0.316332926291406
zero_noise,9,4.18225,5.00488281250022,51,5.00691329165873,-0.322784018920106,-0.26214905134686,-0.316562177378035
zero_noise,9,4.18225,5.00488281250022,52,5.10508806208341,-0.316987435301736,-0.258488318671438,-0.310254659434933
zero_noise,9,4.18225,5.00488281250022,53,5.20326283250809,-0.304877357626505,-0.250477522271357,-0.298101485495759
zero_noise,9,4.18225,5.00488281250022,54,5.30143760293278,-0.287465545543383,-0.238971759967013,-0.280835319053602
zero_noise,9,4.18225,5.00488281250022,55,5.39961237335746,-0.26367717048373,-0.222031643056589,-0.257632337500456
zero_noise,9,4.18225,5.00488281250022,56,5.49778714378214,-0.234897326662032,-0.200251246616512,-0.229213712208644
zero_noise,9,4.18225,5.00488281250022,57,5.59596191420682,-0.203294329002196,-0.17459147395426,-0.197751316831481
zero_noise,9,4.18225,5.00488281250022,58,5.6941366846315,-0.165746951124338,-0.141967330987797,-0.161263216830106
zero_noise,9,4.18225,5.00488281250022,59,5.79231145505618,-0.127685628787303,-0.108385053896309,-0.122499591109464
zero_noise,9,4.18225,5.00488281250022,60,5.89048622548086,-0.0881111755028055,-0.0741704972697242,-0.082708616153086
zero_noise,9,4.18225,5.00488281250022,61,5.98866099590554,-0.0460167034273095,-0.0387951462294109,-0.0415538058835246
zero_noise,9,4.18225,5.00488281250022,62,6.08683576633022,-0.00548494350304799,-0.00417092438245766,-0.00125425510135423
zero_noise,9,4.18225,5.00488281250022,63,6.18501053675491,0.034442392825384,0.0295959517512746,0.0389374892311693
zero_noise,10,4.5326,5.50585937500003,0,0,0.0704108837302549,0.0631812657008733,0.0758696657944137
zero_noise,10,4.5326,5.50585937500003,1,0.098174770424681,0.105881538158081,0.0941821920746828,0.110945394879258
zero_noise,10,4.5326,5.50585937500003,2,0.196349540849362,0.138385854613463,0.122493548704834,0.142618125010304
zero_noise,10,4.5326,5.50585937500003,3,0.294524311274043,0.164805428723951,0.14590687097149,0.169445709159238
zero_noise,10,4.5326,5.50585937500003,4,0.392699081698724,0.186647831910144,0.166358341053127,0.191659540605051
zero_noise,10,4.5326,5.50585937500003,5,0.490873852123405,0.205798657926034,0.182500646599849,0.209396359896922
zero_noise,10,4.5326,5.50585937500003,6,0.589048622548086,0.217827723220177,0.192288125265983,0.2219106088964
zero_noise,10,4.5326,5.50585937500003,7,0.687223392972767,0.22585081957795,0.19953151898823,0.229774728491228
zero_noise,10,4.5326,5.50585937500003,8,0.785398163397448,0.228520937327369,0.201608188512135,0.232424246360601
zero_noise,10,4.5326,5.50585937500003,9,0.883572933822129,0.227090299091113,0.199972389493937,0.230787125461994
zero_noise,10,4.5326,5.50585937500003,10,0.98174770424681,0.221108519383341,0.194796997501463,0.225251131182646
zero_noise,10,4.5326,5.50585937500003,11,1.07992247467149,0.210700383700291,0.18635451228161,0.216248325600934
zero_noise,10,4.5326,5.50585937500003,12,1.17809724509617,0.200504559587275,0.176829919522197,0.204605494680599
zero_noise,10,4.5326,5.50585937500003,13,1.27627201552085,0.185557260735825,0.163112123218199,0.190136570678017
zero_noise,10,4.5326,5.50585937500003,14,1.37444678594553,0.168679672574257,0.148571899474349,0.174372010204357
zero_noise,10,4.5326,5.50585937500003,15,1.47262155637022,0.153772796642265,0.135368603769359,0.159012590468882
zero_noise,10,4.5326,5.50585937500003,16,1.5707963267949,0.137436215193907,0.120872384315867,0.143289960438036
zero_noise,10,4.5326,5.50585937500003,17,1.66897109721958,0.122770197821833,0.107864815269753,0.128403905123616
zero_noise,10,4.5326,5.50585937500003,18,1.76714586764426,0.109855491232075,0.0961578227278775,0.115235391755108
zero_noise,10,4.5326,5.50585937500003,19,1.86532063806894,0.0984187083940155,0.085532471083989,0.103408868749712
zero_noise,10,4.5326,5.50585937500003,20,1.96349540849362,0.0885346861008665,0.0770505290984833,0.0938663999552152
zero_noise,10,4.5326,5.50585937500003,21,2.0616701789183,0.0812402571495632,0.0707380989752713,0.0865702532992128
zero_noise,10,4.5326,5.50585937500003,22,2.15984494934298,0.0762282107216696,0.0666183199211848,0.0817158904415944
zero_noise,10,4.5326,5.50585937500003,23,2.25801971976766,0.073405044375916,0.0640241639728503,0.0788273028315387
zero_noise,10,4.5326,5.50585937500003,24,2.35619449019234,0.072906146899666,0.0634955607403267,0.0778516644230959
zero_noise,10,4.5326,5.50585937500003,25,2.45436926061703,0.0729114008794303,0.063754221321694,0.0782936609820709
zero_noise,10,4.5326,5.50585937500003,26,2.55254403104171,0.0753123491968441,0.0655392097591447,0.0800875335644107
zero_noise,10,4.5326,5.50585937500003,27,2.65071880146639,0.0775131333083153,0.0676045207436799,0.0822997365537976
zero_noise,10,4.5326,5.50585937500003,28,2.74889357189107,0.0791272520670931,0.0690511510032152,0.0841321005750652
zero_noise,10,4.5326,5.50585937500003,29,2.84706834231575,0.0801810484888251,0.0702023028879173,0.085133588019364
zero_noise,10,4.5326,5.50585937500003,30,2.94524311274043,0.080170357196192,0.0700297560394137,0.0847333299818973
zero_noise,10,4.5326,5.50585937500003,31,3.04341788316511,0.0779943064947331,0.0683096936024141,0.0825350983122363
zero_noise,10,4.5326,5.50585937500003,32,3.14159265358979,0.0729123817715902,0.0640946276102072,0.0780512693753549
zero_noise,10,4.5326,5.50585937500003,33,3.23976742401447,0.0652459705000699,0.0570812116307238,0.0703312471496424
zero_noise,10,4.5326,5.50585937500003,34,3.33794219443916,0.0536468717146709,0.0468991145654906,0.058665948633912
zero_noise,10,4.5326,5.50585937500003,35,3.43611696486384,0.0395213821347731,0.03411138546543,0.0439654856296086
zero_noise,10,4.5326,5.50585937500003,36,3.53429173528852,0.0217449554548116,0.018229388776874,0.0256847814379784
zero_noise,10,4.5326,5.50585937500003,37,3.6324665057132,-0.000844893487652689,-0.00170685068807668,0.00394681590252977
zero_noise,10,4.5326,5.50585937500003,38,3.73064127613788,-0.0256254620301798,-0.0222254939827229,-0.021047475678981
zero_noise,10,4.5326,5.50585937500003,39,3.82881604656256,-0.053741937580716,-0.0465614161061494,-0.0497835776734566
zero_noise,10,4.5326,5.50585937500003,40,3.92699081698724,-0.0842937694341067,-0.0751927317482372,-0.0795483954044758
zero_noise,10,4.5326,5.50585937500003,41,4.02516558741192,-0.116934162715428,-0.102900972466091,-0.11177177523863
zero_noise,10,4.5326,5.50585937500003,42,4.1233403578366,-0.147645251208063,-0.130763497426546,-0.142990779529074
zero_noise,10,4.5326,5.50585937500003,43,4.22151512826128,-0.180382255348011,-0.160373408706099,-0.17531410445035
zero_noise,10,4.5326,5.50585937500003,44,4.31968989868597,-0.210991480666005,-0.186960994645625,-0.205869510786178
zero_noise,10,4.5326,5.50585937500003,45,4.41786466911065,-0.23965490299547,-0.210843872351187,-0.234401056415332
zero_noise,10,4.5326,5.50585937500003,46,4.51603943953533,-0.267269396069079,-0.232924542678713,-0.260802448609144
zero_noise,10,4.5326,5.50585937500003,47,4.61421420996001,-0.287717958719144,-0.24916328420563,-0.282262850151409
zero_noise,10,4.5326,5.50585937500003,48,4.71238898038469,-0.304755882553256,-0.261613666250565,-0.298928802119393
zero_noise,10,4.5326,5.50585937500003,49,4.81056375080937,-0.316382434929121,-0.270017088625855,-0.310442309746037
zero_noise,10,4.5326,5.50585937500003,50,4.90873852123405,-0.322726545991927,-0.274210978534354,-0.316332926291406
zero_noise,10,4.5326,5.50585937500003,51,5.00691329165873,-0.322873568622861,-0.27429395480206,-0.316562177378035
zero_noise,10,4.5326,5.50585937500003,52,5.10508806208341,-0.316338556375235,-0.270058366212198,-0.310254659434933
zero_noise,10,4.5326,5.50585937500003,53,5.20326283250809,-0.304417635712934,-0.261265544959672,-0.298101485495759
zero_noise,10,4.5326,5.50585937500003,54,5.30143760293278,-0.286738729027873,-0.248525153779185,-0.280835319053602
zero_noise,10,4.5326,5.50585937500003,55,5.39961237335746,-0.262756486820151,-0.230176611809301,-0.257632337500456
zero_noise,10,4.5326,5.50585937500003,56,5.49778714378214,-0.233942719799052,-0.20698954125302,-0.229213712208644
zero_noise,10,4.5326,5.50585937500003,57,5.59596191420682,-0.202742712184523,-0.180221721600313,-0.197751316831481
zero_noise,10,4.5326,5.50585937500003,58,5.6941366846315,-0.166280725287782,-0.146830009847794,-0.161263216830106
zero_noise,10,4.5326,5.50585937500003,59,5.79231145505618,-0.127168993605017,-0.11214184183805,-0.122499591109464
zero_noise,10,4.5326,5.50585937500003,60,5.89048622548086,-0.0874956547605408,-0.0768355287678875,-0.082708616153086
zero_noise,10,4.5326,5.50585937500003,61,5.98866099590554,-0.0449806961736576,-0.0400322562182602,-0.0415538058835246
zero_noise,10,4.5326,5.50585937500003,62,6.08683576633022,-0.00556055385908437,-0.004448850277783,-0.00125425510135423
zero_noise,10,4.5326,5.50585937500003,63,6.18501053675491,0.0329131498254788,0.0302593913661155,0.0389374892311693
zero_noise,11,4.81605,6.00683593749981,0,0,0.0704108837302549,0.0646271893067496,0.0758696657944137
zero_noise,11,4.81605,6.00683593749981,1,0.098174770424681,0.105881538158081,0.0965220612913624,0.110945394879258
zero_noise,11,4.81605,6.00683593749981,2,0.196349540849362,0.138385854613463,0.12567200988656,0.142618125010304
zero_noise,11,4.81605,6.00683593749981,3,0.294524311274043,0.164805428723951,0.149686582521982,0.169445709159238
zero_noise,11,4.81605,6.00683593749981,4,0.392699081698724,0.186647831910144,0.170416239224531,0.191659540605051
zero_noise,11,4.81605,6.00683593749981,5,0.490873852123405,0.205798657926034,0.187160248865086,0.209396359896922
zero_noise,11,4.81605,6.00683593749981,6,0.589048622548086,0.217827723220177,0.197396044856821,0.2219106088964
zero_noise,11,4.81605,6.00683593749981,7,0.687223392972767,0.225608594903224,0.204746934171229,0.229774728491228
zero_noise,11,4.81605,6.00683593749981,8,0.785398163397448,0.227517875237755,0.206790125857259,0.232424246360601
zero_noise,11,4.81605,6.00683593749981,9,0.883572933822129,0.227028714687764,0.205383654532702,0.230787125461994
zero_noise,11,4.81605,6.00683593749981,10,0.98174770424681,0.22110387537448,0.200058373076066,0.225251131182646
zero_noise,11,4.81605,6.00683593749981,11,1.07992247467149,0.211682367905963,0.191420083406481,0.216248325600934
zero_noise,11,4.81605,6.00683593749981,12,1.17809724509617,0.200507141543278,0.181565363926414,0.204605494680599
zero_noise,11,4.81605,6.00683593749981,13,1.27627201552085,0.185079544083785,0.167505607391316,0.190136570678017
zero_noise,11,4.81605,6.00683593749981,14,1.37444678594553,0.169510010139429,0.152759521607365,0.174372010204357
zero_noise,11,4.81605,6.00683593749981,15,1.47262155637022,0.15453893105517,0.139202669226521,0.159012590468882
zero_noise,11,4.81605,6.00683593749981,16,1.5707963267949,0.137643490234014,0.124226605499497,0.143289960438036
zero_noise,11,4.81605,6.00683593749981,17,1.66897109721958,0.121992419179582,0.110690336051719,0.128403905123616
zero_noise,11,4.81605,6.00683593749981,18,1.76714586764426,0.109648058892862,0.0988558699608745,0.115235391755108
zero_noise,11,4.81605,6.00683593749981,19,1.86532063806894,0.0983577069438913,0.0880975182559694,0.103408868749712
zero_noise,11,4.81605,6.00683593749981,20,1.96349540849362,0.0875442825961017,0.079149279798007,0.0938663999552152
zero_noise,11,4.81605,6.00683593749981,21,2.0616701789183,0.0810673468212161,0.0728039485444603,0.0865702532992128
zero_noise,11,4.81605,6.00683593749981,22,2.15984494934298,0.0757282798295949,0.0684403119028669,0.0817158904415944
zero_noise,11,4.81605,6.00683593749981,23,2.25801971976766,0.0734737046997556,0.0659140721182314,0.0788273028315387
zero_noise,11,4.81605,6.00683593749981,24,2.35619449019234,0.0724673159933508,0.0652899117909315,0.0778516644230959
zero_noise,11,4.81605,6.00683593749981,25,2.45436926061703,0.0731409311840952,0.0656315632941742,0.0782936609820709
zero_noise,11,4.81605,6.00683593749981,26,2.55254403104171,0.0755401881374876,0.0675394054348133,0.0800875335644107
zero_noise,11,4.81605,6.00683593749981,27,2.65071880146639,0.077513529094372,0.0695863224138184,0.0822997365537976
zero_noise,11,4.81605,6.00683593749981,28,2.74889357189107,0.0792019608735482,0.0710813129772818,0.0841321005750652
zero_noise,11,4.81605,6.00683593749981,29,2.84706834231575,0.0807864243452739,0.0723191271793886,0.085133588019364
zero_noise,11,4.81605,6.00683593749981,30,2.94524311274043,0.0797555846644879,0.0719749217644285,0.0847333299818973
zero_noise,11,4.81605,6.00683593749981,31,3.04341788316511,0.07782549979233,0.0702128548403973,0.0825350983122363
zero_noise,11,4.81605,6.00683593749981,32,3.14159265358979,0.0729803230429451,0.0658717666967548,0.0780512693753549
zero_noise,11,4.81605,6.00683593749981,33,3.23976742401447,0.0660158706577005,0.0588681434361191,0.0703312471496424
zero_noise,11,4.81605,6.00683593749981,34,3.33794219443916,0.0540938278938134,0.0483380572311552,0.058665948633912
zero_noise,11,4.81605,6.00683593749981,35,3.43611696486384,0.0392902615037273,0.0351471606730895,0.0439654856296086
zero_noise,11,4.81605,6.00683593749981,36,3.53429173528852,0.0215812523213976,0.0188997614857788,0.0256847814379784
zero_noise,11,4.81605,6.00683593749981,37,3.6324665057132,-0.000666765668820766,-0.0014988336842255,0.00394681590252977
zero_noise,11,4.81605,6.00683593749981,38,3.73064127613788,-0.0255032158989409,-0.0228810383659665,-0.021047475678981
zero_noise,11,4.81605,6.00683593749981,39,3.82881604656256,-0.0542465944670019,-0.0480984517783199,-0.0497835776734566
zero_noise,11,4.81605,6.00683593749981,40,3.92699081698724,-0.0844135058433181,-0.0770368865672534,-0.0795483954044758
zero_noise,11,4.81605,6.00683593749981,41,4.02516558741192,-0.116934162715428,-0.105707610515958,-0.11177177523863
zero_noise,11,4.81605,6.00683593749981,42,4.1233403578366,-0.147645251208063,-0.134139848182849,-0.142990779529074
zero_noise,11,4.81605,6.00683593749981,43,4.22151512826128,-0.180382255348011,-0.164375178034481,-0.17531410445035
zero_noise,11,4.81605,6.00683593749981,44,4.31968989868597,-0.210991480666005,-0.191767091849701,-0.205869510786178
zero_noise,11,4.81605,6.00683593749981,45,4.41786466911065,-0.23965490299547,-0.216606078480043,-0.234401056415332
zero_noise,11,4.81605,6.00683593749981,46,4.51603943953533,-0.267269396069079,-0.239793513356786,-0.260802448609144
zero_noise,11,4.81605,6.00683593749981,47,4.61421420996001,-0.287717958719144,-0.256874219108333,-0.282262850151409
zero_noise,11,4.81605,6.00683593749981,48,4.71238898038469,-0.304755882553256,-0.270242109511104,-0.298928802119393
zero_noise,11,4.81605,6.00683593749981,49,4.81056375080937,-0.316382434929121,-0.279290157886509,-0.310442309746037
zero_noise,11,4.81605,6.00683593749981,50,4.90873852123405,-0.322726545991927,-0.283914092025869,-0.316332926291406
zero_noise,11,4.81605,6.00683593749981,51,5.00691329165873,-0.322873568622861,-0.28400987756622,-0.316562177378035
zero_noise,11,4.81605,6.00683593749981,52,5.10508806208341,-0.316338556375235,-0.279314404244805,-0.310254659434933
zero_noise,11,4.81605,6.00683593749981,53,5.20326283250809,-0.304417635712934,-0.269895963110325,-0.298101485495759
zero_noise,11,4.81605,6.00683593749981,54,5.30143760293278,-0.286738729027873,-0.256167868828923,-0.280835319053602
zero_noise,11,4.81605,6.00683593749981,55,5.39961237335746,-0.262756486820151,-0.236692586811471,-0.257632337500456
zero_noise,11,4.81605,6.00683593749981,56,5.49778714378214,-0.233942719799052,-0.212380176962227,-0.229213712208644
zero_noise,11,4.81605,6.00683593749981,57,5.59596191420682,-0.202742712184523,-0.184725919717155,-0.197751316831481
zero_noise,11,4.81605,6.00683593749981,58,5.6941366846315,-0.166280725287782,-0.150720152935792,-0.161263216830106
zero_noise,11,4.81605,6.00683593749981,59,5.79231145505618,-0.127168993605017,-0.115147272191444,-0.122499591109464
zero_noise,11,4.81605,6.00683593749981,60,5.89048622548086,-0.0874956547605408,-0.0789675539664181,-0.082708616153086
zero_noise,11,4.81605,6.00683593749981,61,5.98866099590554,-0.0449806961736576,-0.0410219442093397,-0.0415538058835246
zero_noise,11,4.81605,6.00683593749981,62,6.08683576633022,-0.00556055385908437,-0.00467119099404327,-0.00125425510135423
zero_noise,11,4.81605,6.00683593749981,63,6.18501053675491,0.0329131498254788,0.0307901430579881,0.0389374892311693
zero_noise,12,5.1663,6.50781249999961,0,0,0.0711983932134738,0.0659414300880945,0.0758696657944137
zero_noise,12,5.1663,6.50781249999961,1,0.098174770424681,0.106577448086873,0.0985331386504645,0.110945394879258
zero_noise,12,5.1663,6.50781249999961,2,0.196349540849362,0.138707163731074,0.128279040655462,0.142618125010304
zero_noise,12,5.1663,6.50781249999961,3,0.294524311274043,0.164983729493136,0.152746011916213,0.169445709159238
zero_noise,12,5.1663,6.50781249999961,4,0.392699081698724,0.187229253629197,0.173778842105464,0.191659540605051
zero_noise,12,5.1663,6.50781249999961,5,0.490873852123405,0.20589428145711,0.190907055383491,0.209396359896922
zero_noise,12,5.1663,6.50781249999961,6,0.589048622548086,0.217828794603567,0.201482594806171,0.2219106088964
zero_noise,12,5.1663,6.50781249999961,7,0.687223392972767,0.225829885558241,0.208963524448631,0.229774728491228
zero_noise,12,5.1663,6.50781249999961,8,0.785398163397448,0.228296757548312,0.211091452195469,0.232424246360601
zero_noise,12,5.1663,6.50781249999961,9,0.883572933822129,0.227028714687764,0.209712666563715,0.230787125461994
zero_noise,12,5.1663,6.50781249999961,10,0.98174770424681,0.22110387537448,0.204267473535749,0.225251131182646
zero_noise,12,5.1663,6.50781249999961,11,1.07992247467149,0.211682367905963,0.195472540306377,0.216248325600934
zero_noise,12,5.1663,6.50781249999961,12,1.17809724509617,0.200507141543278,0.185353719449787,0.204605494680599
zero_noise,12,5.1663,6.50781249999961,13,1.27627201552085,0.185079544083785,0.17102039472981,0.190136570678017
zero_noise,12,5.1663,6.50781249999961,14,1.37444678594553,0.169510010139429,0.156109619313778,0.174372010204357
zero_noise,12,5.1663,6.50781249999961,15,1.47262155637022,0.15453893105517,0.142269921592251,0.159012590468882
zero_noise,12,5.1663,6.50781249999961,16,1.5707963267949,0.137643490234014,0.1269099824464,0.143289960438036
zero_noise,12,5.1663,6.50781249999961,17,1.66897109721958,0.121992419179582,0.112950752677291,0.128403905123616
zero_noise,12,5.1663,6.50781249999961,18,1.76714586764426,0.109648058892862,0.101014307747272,0.115235391755108
zero_noise,12,5.1663,6.50781249999961,19,1.86532063806894,0.0983577069438913,0.0901495559935538,0.103408868749712
zero_noise,12,5.1663,6.50781249999961,20,1.96349540849362,0.0875442825961017,0.0808282803576259,0.0938663999552152
zero_noise,12,5.1663,6.50781249999961,21,2.0616701789183,0.0810673468212161,0.0744566281998115,0.0865702532992128
zero_noise,12,5.1663,6.50781249999961,22,2.15984494934298,0.0757282798295949,0.0698979054882125,0.0817158904415944
zero_noise,12,5.1663,6.50781249999961,23,2.25801971976766,0.0734737046997556,0.0674259986345362,0.0788273028315387
zero_noise,12,5.1663,6.50781249999961,24,2.35619449019234,0.0724673159933508,0.0667253926314153,0.0778516644230959
zero_noise,12,5.1663,6.50781249999961,25,2.45436926061703,0.0731409311840952,0.0671334368721584,0.0782936609820709
zero_noise,12,5.1663,6.50781249999961,26,2.55254403104171,0.0755401881374876,0.0691395619753482,0.0800875335644107
zero_noise,12,5.1663,6.50781249999961,27,2.65071880146639,0.077513529094372,0.0711717637499291,0.0822997365537976
zero_noise,12,5.1663,6.50781249999961,28,2.74889357189107,0.0792019608735482,0.0727054425565351,0.0841321005750652
zero_noise,12,5.1663,6.50781249999961,29,2.84706834231575,0.0807864243452739,0.0740125866125657,0.085133588019364
zero_noise,12,5.1663,6.50781249999961,30,2.94524311274043,0.0797555846644879,0.0735310543444404,0.0847333299818973
zero_noise,12,5.1663,6.50781249999961,31,3.04341788316511,0.07782549979233,0.0717353838307838,0.0825350983122363
zero_noise,12,5.1663,6.50781249999961,32,3.14159265358979,0.0729803230429451,0.0672934779659928,0.0780512693753549
zero_noise,12,5.1663,6.50781249999961,33,3.23976742401447,0.0660158706577005,0.0602976888804354,0.0703312471496424
zero_noise,12,5.1663,6.50781249999961,34,3.33794219443916,0.0540938278938134,0.0494892113636868,0.058665948633912
zero_noise,12,5.1663,6.50781249999961,35,3.43611696486384,0.0392902615037273,0.035975780839217,0.0439654856296086
zero_noise,12,5.1663,6.50781249999961,36,3.53429173528852,0.0215812523213976,0.0194360596529025,0.0256847814379784
zero_noise,12,5.1663,6.50781249999961,37,3.6324665057132,-0.000666765668820766,-0.00133242008114455,0.00394681590252977
zero_noise,12,5.1663,6.50781249999961,38,3.73064127613788,-0.0255032158989409,-0.0234054738725614,-0.021047475678981
zero_noise,12,5.1663,6.50781249999961,39,3.82881604656256,-0.0544894157798166,-0.0493766445786192,-0.0497835776734566
zero_noise,12,5.1663,6.50781249999961,40,3.92699081698724,-0.0843352314101605,-0.0784965555358348,-0.0795483954044758
zero_noise,12,5.1663,6.50781249999961,41,4.02516558741192,-0.116511800789014,-0.107868448570569,-0.11177177523863
zero_noise,12,5.1663,6.50781249999961,42,4.1233403578366,-0.147180983411392,-0.136748075228558,-0.142990779529074
zero_noise,12,5.1663,6.50781249999961,43,4.22151512826128,-0.179816456370676,-0.16746343370172,-0.17531410445035
zero_noise,12,5.1663,6.50781249999961,44,4.31968989868597,-0.211222349668009,-0.195658143413363,-0.205869510786178
zero_noise,12,5.1663,6.50781249999961,45,4.41786466911065,-0.240149572235293,-0.221314777231093,-0.234401056415332
zero_noise,12,5.1663,6.50781249999961,46,4.51603943953533,-0.266517910733749,-0.245138392832179,-0.260802448609144
zero_noise,12,5.1663,6.50781249999961,47,4.61421420996001,-0.287660979639589,-0.263031571214584,-0.282262850151409
zero_noise,12,5.1663,6.50781249999961,48,4.71238898038469,-0.305127379732997,-0.277219163555482,-0.298928802119393
zero_noise,12,5.1663,6.50781249999961,49,4.81056375080937,-0.316362976680876,-0.286704721645382,-0.310442309746037
zero_noise,12,5.1663,6.50781249999961,50,4.90873852123405,-0.322045939669166,-0.291540461554528,-0.316332926291406
zero_noise,12,5.1663,6.50781249999961,51,5.00691329165873,-0.322980915318491,-0.291804085116675,-0.316562177378035
zero_noise,12,5.1663,6.50781249999961,52,5.10508806208341,-0.316741187206412,-0.286799760837127,-0.310254659434933
zero_noise,12,5.1663,6.50781249999961,53,5.20326283250809,-0.304068799120287,-0.276730530312317,-0.298101485495759
zero_noise,12,5.1663,6.50781249999961,54,5.30143760293278,-0.287248132503226,-0.262383921563783,-0.280835319053602
zero_noise,12,5.1663,6.50781249999961,55,5.39961237335746,-0.262989177374959,-0.241951904924169,-0.257632337500456
zero_noise,12,5.1663,6.50781249999961,56,5.49778714378214,-0.233927338515154,-0.216689609272812,-0.229213712208644
zero_noise,12,5.1663,6.50781249999961,57,5.59596191420682,-0.203300692233289,-0.188440874220382,-0.197751316831481
zero_noise,12,5.1663,6.50781249999961,58,5.6941366846315,-0.166993569980988,-0.153974836344831,-0.161263216830106
zero_noise,12,5.1663,6.50781249999961,59,5.79231145505618,-0.126889511431659,-0.117495720039487,-0.122499591109464
zero_noise,12,5.1663,6.50781249999961,60,5.89048622548086,-0.0884187598146798,-0.0808577951360705,-0.082708616153086
zero_noise,12,5.1663,6.50781249999961,61,5.98866099590554,-0.0454762384775963,-0.041912803062991,-0.0415538058835246
zero_noise,12,5.1663,6.50781249999961,62,6.08683576633022,-0.00578560264510711,-0.00489407332425604,-0.00125425510135423
zero_noise,12,5.1663,6.50781249999961,63,6.18501053675491,0.0349452337862621,0.0316211612036429,0.0389374892311693
zero_noise,13,5.44915,7.00878906249939,0,0,0.0711983932134738,0.0669928227131703,0.0758696657944137
zero_noise,13,5.44915,7.00878906249939,1,0.098174770424681,0.106577448086873,0.100142000537746,0.110945394879258
zero_noise,13,5.44915,7.00878906249939,2,0.196349540849362,0.138707163731074,0.130364665270585,0.142618125010304
zero_noise,13,5.44915,7.00878906249939,3,0.294524311274043,0.164983729493136,0.155193555431597,0.169445709159238
zero_noise,13,5.44915,7.00878906249939,4,0.392699081698724,0.187229253629197,0.17646892441021,0.191659540605051
zero_noise,13,5.44915,7.00878906249939,5,0.490873852123405,0.20589428145711,0.193904500598215,0.209396359896922
zero_noise,13,5.44915,7.00878906249939,6,0.589048622548086,0.217828794603567,0.20475183476565,0.2219106088964
zero_noise,13,5.44915,7.00878906249939,7,0.687223392972767,0.225765027434127,0.21232382504573,0.229774728491228
zero_noise,13,5.44915,7.00878906249939,8,0.785398163397448,0.227935262967379,0.214460214349851,0.232424246360601
zero_noise,13,5.44915,7.00878906249939,9,0.883572933822129,0.226263359592565,0.213022805169485,0.230787125461994
zero_noise,13,5.44915,7.00878906249939,10,0.98174770424681,0.220814937371274,0.207576966302854,0.225251131182646
zero_noise,13,5.44915,7.00878906249939,11,1.07992247467149,0.211023809891383,0.198582794223378,0.216248325600934
zero_noise,13,5.44915,7.00878906249939,12,1.17809724509617,0.19954648320928,0.188192272201685,0.204605494680599
zero_noise,13,5.44915,7.00878906249939,13,1.27627201552085,0.185459601125172,0.173908236008882,0.190136570678017
zero_noise,13,5.44915,7.00878906249939,14,1.37444678594553,0.168756485132983,0.158638992477619,0.174372010204357
zero_noise,13,5.44915,7.00878906249939,15,1.47262155637022,0.153321044829324,0.144480146239666,0.159012590468882
zero_noise,13,5.44915,7.00878906249939,16,1.5707963267949,0.137603607481023,0.129048707453325,0.143289960438036
zero_noise,13,5.44915,7.00878906249939,17,1.66897109721958,0.12371945999175,0.115104494140183,0.128403905123616
zero_noise,13,5.44915,7.00878906249939,18,1.76714586764426,0.109546047417135,0.102720655681245,0.115235391755108
zero_noise,13,5.44915,7.00878906249939,19,1.86532063806894,0.098222867780263,0.0917642183508957,0.103408868749712
zero_noise,13,5.44915,7.00878906249939,20,1.96349540849362,0.0879747976588193,0.0822575838178646,0.0938663999552152
zero_noise,13,5.44915,7.00878906249939,21,2.0616701789183,0.081148530012193,0.0757950085622878,0.0865702532992128
zero_noise,13,5.44915,7.00878906249939,22,2.15984494934298,0.0755480963224986,0.0710279436550697,0.0817158904415944
zero_noise,13,5.44915,7.00878906249939,23,2.25801971976766,0.0731884454944295,0.0685784880065149,0.0788273028315387
zero_noise,13,5.44915,7.00878906249939,24,2.35619449019234,0.0727694257891019,0.0679341992629526,0.0778516644230959
zero_noise,13,5.44915,7.00878906249939,25,2.45436926061703,0.0732802238189077,0.0683627942615083,0.0782936609820709
zero_noise,13,5.44915,7.00878906249939,26,2.55254403104171,0.0753170085202991,0.0703750512843383,0.0800875335644107
zero_noise,13,5.44915,7.00878906249939,27,2.65071880146639,0.0771139990580527,0.0723602108115538,0.0822997365537976
zero_noise,13,5.44915,7.00878906249939,28,2.74889357189107,0.0788940443761752,0.0739431629204631,0.0841321005750652
zero_noise,13,5.44915,7.00878906249939,29,2.84706834231575,0.0809445517910053,0.0753989796482536,0.085133588019364
zero_noise,13,5.44915,7.00878906249939,30,2.94524311274043,0.0797204244069707,0.0747689283569464,0.0847333299818973
zero_noise,13,5.44915,7.00878906249939,31,3.04341788316511,0.0777275464914649,0.07293381636292,0.0825350983122363
zero_noise,13,5.44915,7.00878906249939,32,3.14159265358979,0.0731357279814107,0.0684619279690764,0.0780512693753549
zero_noise,13,5.44915,7.00878906249939,33,3.23976742401447,0.0656596011954096,0.0613700713434302,0.0703312471496424
zero_noise,13,5.44915,7.00878906249939,34,3.33794219443916,0.0542797557026711,0.0504473202314837,0.058665948633912
zero_noise,13,5.44915,7.00878906249939,35,3.43611696486384,0.0392356710998397,0.0366277588913416,0.0439654856296086
zero_noise,13,5.44915,7.00878906249939,36,3.53429173528852,0.021256582984102,0.0198001643191424,0.0256847814379784
zero_noise,13,5.44915,7.00878906249939,37,3.6324665057132,-0.000451734734959379,-0.00115628301190752,0.00394681590252977
zero_noise,13,5.44915,7.00878906249939,38,3.73064127613788,-0.0254358074434486,-0.0238115405867388,-0.021047475678981
zero_noise,13,5.44915,7.00878906249939,39,3.82881604656256,-0.0536978639512944,-0.0502408884531543,-0.0497835776734566
zero_noise,13,5.44915,7.00878906249939,40,3.92699081698724,-0.083557817344986,-0.0795088078976651,-0.0795483954044758
zero_noise,13,5.44915,7.00878906249939,41,4.02516558741192,-0.116511800789014,-0.109597119014258,-0.11177177523863
zero_noise,13,5.44915,7.00878906249939,42,4.1233403578366,-0.147180983411392,-0.138834656865125,-0.142990779529074
zero_noise,13,5.44915,7.00878906249939,43,4.22151512826128,-0.179816456370676,-0.169934038235511,-0.17531410445035
zero_noise,13,5.44915,7.00878906249939,44,4.31968989868597,-0.211222349668009,-0.198770984664292,-0.205869510786178
zero_noise,13,5.44915,7.00878906249939,45,4.41786466911065,-0.240149572235293,-0.225081736231933,-0.234401056415332
zero_noise,13,5.44915,7.00878906249939,46,4.51603943953533,-0.266517910733749,-0.249414296412493,-0.260802448609144
zero_noise,13,5.44915,7.00878906249939,47,4.61421420996001,-0.287660979639589,-0.267957452899585,-0.282262850151409
zero_noise,13,5.44915,7.00878906249939,48,4.71238898038469,-0.305127379732997,-0.282800806790985,-0.298928802119393
zero_noise,13,5.44915,7.00878906249939,49,4.81056375080937,-0.316362976680876,-0.292636372652481,-0.310442309746037
zero_noise,13,5.44915,7.00878906249939,50,4.90873852123405,-0.322045939669166,-0.297641557177456,-0.316332926291406
zero_noise,13,5.44915,7.00878906249939,51,5.00691329165873,-0.322980915318491,-0.298039451157038,-0.316562177378035
zero_noise,13,5.44915,7.00878906249939,52,5.10508806208341,-0.316741187206412,-0.292788046110984,-0.310254659434933
zero_noise,13,5.44915,7.00878906249939,53,5.20326283250809,-0.304068799120287,-0.282198184073911,-0.298101485495759
zero_noise,13,5.44915,7.00878906249939,54,5.30143760293278,-0.287248132503226,-0.267356763751672,-0.280835319053602
zero_noise,13,5.44915,7.00878906249939,55,5.39961237335746,-0.262989177374959,-0.246159359414327,-0.257632337500456
zero_noise,13,5.44915,7.00878906249939,56,5.49778714378214,-0.233927338515154,-0.22013715512128,-0.229213712208644
zero_noise,13,5.44915,7.00878906249939,57,5.59596191420682,-0.203300692233289,-0.191412837822963,-0.197751316831481
zero_noise,13,5.44915,7.00878906249939,58,5.6941366846315,-0.166993569980988,-0.156578583072062,-0.161263216830106
zero_noise,13,5.44915,7.00878906249939,59,5.79231145505618,-0.126889511431659,-0.119374478317921,-0.122499591109464
zero_noise,13,5.44915,7.00878906249939,60,5.89048622548086,-0.0884187598146798,-0.0823699880717924,-0.082708616153086
zero_noise,13,5.44915,7.00878906249939,61,5.98866099590554,-0.0454762384775963,-0.0426254901459121,-0.0415538058835246
zero_noise,13,5.44915,7.00878906249939,62,6.08683576633022,-0.00578560264510711,-0.00507237918842625,-0.00125425510135423
zero_noise,13,5.44915,7.00878906249939,63,6.18501053675491,0.0349452337862621,0.0322859757201667,0.0389374892311693
zero_noise,14,5.7994,7.50976562499919,0,0,0.0716725661559373,0.0679287714017237,0.0758696657944137
zero_noise,14,5.7994,7.50976562499919,1,0.098174770424681,0.106492759198129,0.101412152269823,0.110945394879258
zero_noise,14,5.7994,7.50976562499919,2,0.196349540849362,0.139018931556653,0.132095518527798,0.142618125010304
zero_noise,14,5.7994,7.50976562499919,3,0.294524311274043,0.165600841796107,0.157275012704499,0.169445709159238
zero_noise,14,5.7994,7.50976562499919,4,0.392699081698724,0.186680674881805,0.178511274504529,0.191659540605051
zero_noise,14,5.7994,7.50976562499919,5,0.490873852123405,0.205276353302201,0.196178871139012,0.209396359896922
zero_noise,14,5.7994,7.50976562499919,6,0.589048622548086,0.21833464874239,0.207468397560998,0.2219106088964
zero_noise,14,5.7994,7.50976562499919,7,0.687223392972767,0.226393703364094,0.215137800709403,0.229774728491228
zero_noise,14,5.7994,7.50976562499919,8,0.785398163397448,0.228206366112003,0.217209444702282,0.232424246360601
zero_noise,14,5.7994,7.50976562499919,9,0.883572933822129,0.226263359592565,0.215670916054101,0.230787125461994
zero_noise,14,5.7994,7.50976562499919,10,0.98174770424681,0.220814937371274,0.210224560516538,0.225251131182646
zero_noise,14,5.7994,7.50976562499919,11,1.07992247467149,0.211023809891383,0.201070997356979,0.216248325600934
zero_noise,14,5.7994,7.50976562499919,12,1.17809724509617,0.19954648320928,0.190463114403204,0.204605494680599
zero_noise,14,5.7994,7.50976562499919,13,1.27627201552085,0.185459601125172,0.17621850903214,0.190136570678017
zero_noise,14,5.7994,7.50976562499919,14,1.37444678594553,0.168756485132983,0.160662491008692,0.174372010204357
zero_noise,14,5.7994,7.50976562499919,15,1.47262155637022,0.153321044829324,0.146248325957597,0.159012590468882
zero_noise,14,5.7994,7.50976562499919,16,1.5707963267949,0.137603607481023,0.130759687458865,0.143289960438036
zero_noise,14,5.7994,7.50976562499919,17,1.66897109721958,0.12371945999175,0.116827487310496,0.128403905123616
zero_noise,14,5.7994,7.50976562499919,18,1.76714586764426,0.109546047417135,0.104085734028423,0.115235391755108
zero_noise,14,5.7994,7.50976562499919,19,1.86532063806894,0.098222867780263,0.0930559482367691,0.103408868749712
zero_noise,14,5.7994,7.50976562499919,20,1.96349540849362,0.0879747976588193,0.0834010265860556,0.0938663999552152
zero_noise,14,5.7994,7.50976562499919,21,2.0616701789183,0.081148530012193,0.0768657128522688,0.0865702532992128
zero_noise,14,5.7994,7.50976562499919,22,2.15984494934298,0.0755480963224986,0.0719319741885555,0.0817158904415944
zero_noise,14,5.7994,7.50976562499919,23,2.25801971976766,0.0731884454944295,0.0695004795040978,0.0788273028315387
zero_noise,14,5.7994,7.50976562499919,24,2.35619449019234,0.0727694257891019,0.0689012445681825,0.0778516644230959
zero_noise,14,5.7994,7.50976562499919,25,2.45436926061703,0.0732802238189077,0.0693462801729882,0.0782936609820709
zero_noise,14,5.7994,7.50976562499919,26,2.55254403104171,0.0753170085202991,0.0713634427315305,0.0800875335644107
zero_noise,14,5.7994,7.50976562499919,27,2.65071880146639,0.0771139990580527,0.0733109684608536,0.0822997365537976
zero_noise,14,5.7994,7.50976562499919,28,2.74889357189107,0.0788940443761752,0.0749333392116055,0.0841321005750652
zero_noise,14,5.7994,7.50976562499919,29,2.84706834231575,0.0809445517910053,0.0765080940768039,0.085133588019364
zero_noise,14,5.7994,7.50976562499919,30,2.94524311274043,0.0797204244069707,0.0757592275669513,0.0847333299818973
zero_noise,14,5.7994,7.50976562499919,31,3.04341788316511,0.0777275464914649,0.073892562388629,0.0825350983122363
zero_noise,14,5.7994,7.50976562499919,32,3.14159265358979,0.0731357279814107,0.0693966879715433,0.0780512693753549
zero_noise,14,5.7994,7.50976562499919,33,3.23976742401447,0.0656596011954096,0.0622279773138261,0.0703312471496424
zero_noise,14,5.7994,7.50976562499919,34,3.33794219443916,0.0542797557026711,0.0512138073257211,0.058665948633912
zero_noise,14,5.7994,7.50976562499919,35,3.43611696486384,0.0392356710998397,0.0371493413330412,0.0439654856296086
zero_noise,14,5.7994,7.50976562499919,36,3.53429173528852,0.021256582984102,0.0200914480521343,0.0256847814379784
zero_noise,14,5.7994,7.50976562499919,37,3.6324665057132,-0.000451734734959379,-0.00101537335651789,0.00394681590252977
zero_noise,14,5.7994,7.50976562499919,38,3.73064127613788,-0.0254358074434486,-0.0241363939580808,-0.021047475678981
zero_noise,14,5.7994,7.50976562499919,39,3.82881604656256,-0.0537902786319812,-0.0509507664889196,-0.0497835776734566
zero_noise,14,5.7994,7.50976562499919,40,3.92699081698724,-0.0838889722342716,-0.0803848407649864,-0.0795483954044758
zero_noise,14,5.7994,7.50976562499919,41,4.02516558741192,-0.116986406357559,-0.111074976482918,-0.11177177523863
zero_noise,14,5.7994,7.50976562499919,42,4.1233403578366,-0.147206683706155,-0.140509062233331,-0.142990779529074
zero_noise,14,5.7994,7.50976562499919,43,4.22151512826128,-0.179968292821459,-0.171940889152701,-0.17531410445035
zero_noise,14,5.7994,7.50976562499919,44,4.31968989868597,-0.210714099722018,-0.201159607675837,-0.205869510786178
zero_noise,14,5.7994,7.50976562499919,45,4.41786466911065,-0.239246202389525,-0.227914629463451,-0.234401056415332
zero_noise,14,5.7994,7.50976562499919,46,4.51603943953533,-0.266335169369637,-0.252798471003922,-0.260802448609144
zero_noise,14,5.7994,7.50976562499919,47,4.61421420996001,-0.28789225521461,-0.27194441336259,-0.282262850151409
zero_noise,14,5.7994,7.50976562499919,48,4.71238898038469,-0.305281508220452,-0.287296947076879,-0.298928802119393
zero_noise,14,5.7994,7.50976562499919,49,4.81056375080937,-0.31627482789471,-0.297364063700927,-0.310442309746037
zero_noise,14,5.7994,7.50976562499919,50,4.90873852123405,-0.322059651883121,-0.302525176118589,-0.316332926291406
zero_noise,14,5.7994,7.50976562499919,51,5.00691329165873,-0.322787217703674,-0.302989004466365,-0.316562177378035
zero_noise,14,5.7994,7.50976562499919,52,5.10508806208341,-0.316533490741595,-0.297537135037106,-0.310254659434933
zero_noise,14,5.7994,7.50976562499919,53,5.20326283250809,-0.303914936204494,-0.286541534500028,-0.298101485495759
zero_noise,14,5.7994,7.50976562499919,54,5.30143760293278,-0.287569342720773,-0.271399279545492,-0.280835319053602
zero_noise,14,5.7994,7.50976562499919,55,5.39961237335746,-0.263298059292202,-0.249587099389902,-0.257632337500456
zero_noise,14,5.7994,7.50976562499919,56,5.49778714378214,-0.234026043238264,-0.222914932744677,-0.229213712208644
zero_noise,14,5.7994,7.50976562499919,57,5.59596191420682,-0.203505588435453,-0.193831387945461,-0.197751316831481
zero_noise,14,5.7994,7.50976562499919,58,5.6941366846315,-0.16685069663515,-0.15863300578468,-0.161263216830106
zero_noise,14,5.7994,7.50976562499919,59,5.79231145505618,-0.127368658720909,-0.120973314398519,-0.122499591109464
zero_noise,14,5.7994,7.50976562499919,60,5.89048622548086,-0.088192678916617,-0.0835345262407573,-0.082708616153086
zero_noise,14,5.7994,7.50976562499919,61,5.98866099590554,-0.0474180047329014,-0.0435839930633099,-0.0415538058835246
zero_noise,14,5.7994,7.50976562499919,62,6.08683576633022,-0.00581260474525169,-0.00522042429979134,-0.00125425510135423
zero_noise,14,5.7994,7.50976562499919,63,6.18501053675491,0.0350053255946364,0.0328298456950607,0.0389374892311693
zero_noise,15,6.08175,8.01074218749896,0,0,0.0716725661559373,0.0686775303525664,0.0758696657944137
zero_noise,15,6.08175,8.01074218749896,1,0.098174770424681,0.106492759198129,0.102428273655484,0.110945394879258
zero_noise,15,6.08175,8.01074218749896,2,0.196349540849362,0.139018931556653,0.133480201133569,0.142618125010304
zero_noise,15,6.08175,8.01074218749896,3,0.294524311274043,0.165600841796107,0.158940178522821,0.169445709159238
zero_noise,15,6.08175,8.01074218749896,4,0.392699081698724,0.186680674881805,0.180145154579984,0.191659540605051
zero_noise,15,6.08175,8.01074218749896,5,0.490873852123405,0.205276353302201,0.19799836757165,0.209396359896922
zero_noise,15,6.08175,8.01074218749896,6,0.589048622548086,0.21833464874239,0.209641647797277,0.2219106088964
zero_noise,15,6.08175,8.01074218749896,7,0.687223392972767,0.226259112810789,0.21736206312968,0.229774728491228
zero_noise,15,6.08175,8.01074218749896,8,0.785398163397448,0.228075873272104,0.219382730416246,0.232424246360601
zero_noise,15,6.08175,8.01074218749896,9,0.883572933822129,0.226653511702001,0.217867435183681,0.230787125461994
zero_noise,15,6.08175,8.01074218749896,10,0.98174770424681,0.220996982424456,0.212379044898122,0.225251131182646
zero_noise,15,6.08175,8.01074218749896,11,1.07992247467149,0.211900560408434,0.20323690996727,0.216248325600934
zero_noise,15,6.08175,8.01074218749896,12,1.17809724509617,0.199320568404406,0.192234605203444,0.204605494680599
zero_noise,15,6.08175,8.01074218749896,13,1.27627201552085,0.184443452996416,0.177863497824995,0.190136570678017
zero_noise,15,6.08175,8.01074218749896,14,1.37444678594553,0.168711243582001,0.162272241523354,0.174372010204357
zero_noise,15,6.08175,8.01074218749896,15,1.47262155637022,0.153403016785205,0.147679264123119,0.159012590468882
zero_noise,15,6.08175,8.01074218749896,16,1.5707963267949,0.136966819311288,0.132001113829349,0.143289960438036
zero_noise,15,6.08175,8.01074218749896,17,1.66897109721958,0.124024339718467,0.118266857792091,0.128403905123616
zero_noise,15,6.08175,8.01074218749896,18,1.76714586764426,0.109050793866926,0.105078745996123,0.115235391755108
zero_noise,15,6.08175,8.01074218749896,19,1.86532063806894,0.0982116880340492,0.0940870961962251,0.103408868749712
zero_noise,15,6.08175,8.01074218749896,20,1.96349540849362,0.0880865855016511,0.0843381383691747,0.0938663999552152
zero_noise,15,6.08175,8.01074218749896,21,2.0616701789183,0.0811596969911855,0.0777245096800522,0.0865702532992128
zero_noise,15,6.08175,8.01074218749896,22,2.15984494934298,0.076168946114143,0.072779368573673,0.0817158904415944
zero_noise,15,6.08175,8.01074218749896,23,2.25801971976766,0.073364571531323,0.0702732979095428,0.0788273028315387
zero_noise,15,6.08175,8.01074218749896,24,2.35619449019234,0.0721472118681913,0.0695504380281842,0.0778516644230959
zero_noise,15,6.08175,8.01074218749896,25,2.45436926061703,0.0729174057074034,0.0700605052798712,0.0782936609820709
zero_noise,15,6.08175,8.01074218749896,26,2.55254403104171,0.074962114413517,0.0720831770679278,0.0800875335644107
zero_noise,15,6.08175,8.01074218749896,27,2.65071880146639,0.0772588118709824,0.0741005371428793,0.0822997365537976
zero_noise,15,6.08175,8.01074218749896,28,2.74889357189107,0.0788273041146774,0.0757121321922199,0.0841321005750652
zero_noise,15,6.08175,8.01074218749896,29,2.84706834231575,0.080699759263979,0.0773464271142389,0.085133588019364
zero_noise,15,6.08175,8.01074218749896,30,2.94524311274043,0.0796931164902151,0.0765460053516041,0.0847333299818973
zero_noise,15,6.08175,8.01074218749896,31,3.04341788316511,0.077465437284784,0.07460713736786,0.0825350983122363
zero_noise,15,6.08175,8.01074218749896,32,3.14159265358979,0.073320029752908,0.0701813563278162,0.0780512693753549
zero_noise,15,6.08175,8.01074218749896,33,3.23976742401447,0.0656223828529742,0.0629068584216557,0.0703312471496424
zero_noise,15,6.08175,8.01074218749896,34,3.33794219443916,0.0540945887502956,0.051789963610636,0.058665948633912
zero_noise,15,6.08175,8.01074218749896,35,3.43611696486384,0.0395934990049281,0.0376381728674186,0.0439654856296086
zero_noise,15,6.08175,8.01074218749896,36,3.53429173528852,0.0216707314694494,0.0204073047355973,0.0256847814379784
zero_noise,15,6.08175,8.01074218749896,37,3.6324665057132,-0.000143391430788865,-0.000840976971372085,0.00394681590252977
zero_noise,15,6.08175,8.01074218749896,38,3.73064127613788,-0.0253714609524836,-0.0243834073569613,-0.021047475678981
zero_noise,15,6.08175,8.01074218749896,39,3.82881604656256,-0.0532134267583573,-0.0514032985428072,-0.0497835776734566
zero_noise,15,6.08175,8.01074218749896,40,3.92699081698724,-0.0829846675517914,-0.0809048061223474,-0.0795483954044758
zero_noise,15,6.08175,8.01074218749896,41,4.02516558741192,-0.116986406357559,-0.112257262457847,-0.11177177523863
zero_noise,15,6.08175,8.01074218749896,42,4.1233403578366,-0.147206683706155,-0.141848586527896,-0.142990779529074
zero_noise,15,6.08175,8.01074218749896,43,4.22151512826128,-0.179968292821459,-0.173546369886452,-0.17531410445035
zero_noise,15,6.08175,8.01074218749896,44,4.31968989868597,-0.210714099722018,-0.203070506085074,-0.205869510786178
zero_noise,15,6.08175,8.01074218749896,45,4.41786466911065,-0.239246202389525,-0.230180944048666,-0.234401056415332
zero_noise,15,6.08175,8.01074218749896,46,4.51603943953533,-0.266335169369637,-0.255505810677065,-0.260802448609144
zero_noise,15,6.08175,8.01074218749896,47,4.61421420996001,-0.28789225521461,-0.275133981732994,-0.282262850151409
zero_noise,15,6.08175,8.01074218749896,48,4.71238898038469,-0.305281508220452,-0.290893859305593,-0.298928802119393
zero_noise,15,6.08175,8.01074218749896,49,4.81056375080937,-0.31627482789471,-0.301146216539683,-0.310442309746037
zero_noise,15,6.08175,8.01074218749896,50,4.90873852123405,-0.322059651883121,-0.306432071271495,-0.316332926291406
zero_noise,15,6.08175,8.01074218749896,51,5.00691329165873,-0.322787217703674,-0.306948647113827,-0.316562177378035
zero_noise,15,6.08175,8.01074218749896,52,5.10508806208341,-0.316533490741595,-0.301336406178004,-0.310254659434933
zero_noise,15,6.08175,8.01074218749896,53,5.20326283250809,-0.303914936204494,-0.290016214840921,-0.298101485495759
zero_noise,15,6.08175,8.01074218749896,54,5.30143760293278,-0.287569342720773,-0.274633292180548,-0.280835319053602
zero_noise,15,6.08175,8.01074218749896,55,5.39961237335746,-0.263298059292202,-0.252329291370362,-0.257632337500456
zero_noise,15,6.08175,8.01074218749896,56,5.49778714378214,-0.234026043238264,-0.225137154843394,-0.229213712208644
zero_noise,15,6.08175,8.01074218749896,57,5.59596191420682,-0.203505588435453,-0.19576622804346,-0.197751316831481
zero_noise,15,6.08175,8.01074218749896,58,5.6941366846315,-0.16685069663515,-0.160276543954774,-0.161263216830106
zero_noise,15,6.08175,8.01074218749896,59,5.79231145505618,-0.127368658720909,-0.122252383262997,-0.122499591109464
zero_noise,15,6.08175,8.01074218749896,60,5.89048622548086,-0.088192678916617,-0.0844661567759292,-0.082708616153086
zero_noise,15,6.08175,8.01074218749896,61,5.98866099590554,-0.0474180047329014,-0.0443507953972282,-0.0415538058835246
zero_noise,15,6.08175,8.01074218749896,62,6.08683576633022,-0.00581260474525169,-0.00533886038888341,-0.00125425510135423
zero_noise,15,6.08175,8.01074218749896,63,6.18501053675491,0.0350053255946364,0.0332649416749758,0.0389374892311693
zero_noise,16,6.4321,8.51171874999877,0,0,0.0713632328911314,0.0692146708602794,0.0758696657944137
zero_noise,16,6.4321,8.51171874999877,1,0.098174770424681,0.107170992912926,0.103376817506973,0.110945394879258
zero_noise,16,6.4321,8.51171874999877,2,0.196349540849362,0.138660581337273,0.13451627717431,0.142618125010304
zero_noise,16,6.4321,8.51171874999877,3,0.294524311274043,0.165548760080488,0.160261894834354,0.169445709159238
zero_noise,16,6.4321,8.51171874999877,4,0.392699081698724,0.187017043113575,0.181519532286702,0.191659540605051
zero_noise,16,6.4321,8.51171874999877,5,0.490873852123405,0.205550613589661,0.199508816775252,0.209396359896922
zero_noise,16,6.4321,8.51171874999877,6,0.589048622548086,0.216059566967676,0.210925231631356,0.2219106088964
zero_noise,16,6.4321,8.51171874999877,7,0.687223392972767,0.226010514269429,0.21909175335763,0.229774728491228
zero_noise,16,6.4321,8.51171874999877,8,0.785398163397448,0.228563017341335,0.221218787801264,0.232424246360601
zero_noise,16,6.4321,8.51171874999877,9,0.883572933822129,0.226653511702001,0.219624650487345,0.230787125461994
zero_noise,16,6.4321,8.51171874999877,10,0.98174770424681,0.220996982424456,0.214102632403388,0.225251131182646
zero_noise,16,6.4321,8.51171874999877,11,1.07992247467149,0.211900560408434,0.204969640055503,0.216248325600934
zero_noise,16,6.4321,8.51171874999877,12,1.17809724509617,0.199320568404406,0.193651797843637,0.204605494680599
zero_noise,16,6.4321,8.51171874999877,13,1.27627201552085,0.184443452996416,0.179179488859279,0.190136570678017
zero_noise,16,6.4321,8.51171874999877,14,1.37444678594553,0.168711243582001,0.163560041935083,0.174372010204357
zero_noise,16,6.4321,8.51171874999877,15,1.47262155637022,0.153403016785205,0.148824014655536,0.159012590468882
zero_noise,16,6.4321,8.51171874999877,16,1.5707963267949,0.136966819311288,0.132994254925737,0.143289960438036
zero_noise,16,6.4321,8.51171874999877,17,1.66897109721958,0.124024339718467,0.119418354177366,0.128403905123616
zero_noise,16,6.4321,8.51171874999877,18,1.76714586764426,0.109050793866926,0.105873155570284,0.115235391755108
zero_noise,16,6.4321,8.51171874999877,19,1.86532063806894,0.0982116880340492,0.09491201456379,0.103408868749712
zero_noise,16,6.4321,8.51171874999877,20,1.96349540849362,0.0880865855016511,0.0850878277956699,0.0938663999552152
zero_noise,16,6.4321,8.51171874999877,21,2.0616701789183,0.0811596969911855,0.0784115471422788,0.0865702532992128
zero_noise,16,6.4321,8.51171874999877,22,2.15984494934298,0.076168946114143,0.073457284081767,0.0817158904415944
zero_noise,16,6.4321,8.51171874999877,23,2.25801971976766,0.073364571531323,0.0708915526338989,0.0788273028315387
zero_noise,16,6.4321,8.51171874999877,24,2.35619449019234,0.0721472118681913,0.0700697927961857,0.0778516644230959
zero_noise,16,6.4321,8.51171874999877,25,2.45436926061703,0.0729174057074034,0.0706318853653777,0.0782936609820709
zero_noise,16,6.4321,8.51171874999877,26,2.55254403104171,0.074962114413517,0.0726589645370456,0.0800875335644107
zero_noise,16,6.4321,8.51171874999877,27,2.65071880146639,0.0772588118709824,0.0747321920884999,0.0822997365537976
zero_noise,16,6.4321,8.51171874999877,28,2.74889357189107,0.0788273041146774,0.0763351665767114,0.0841321005750652
zero_noise,16,6.4321,8.51171874999877,29,2.84706834231575,0.080699759263979,0.078017093544187,0.085133588019364
zero_noise,16,6.4321,8.51171874999877,30,2.94524311274043,0.0796931164902151,0.0771754275793263,0.0847333299818973
zero_noise,16,6.4321,8.51171874999877,31,3.04341788316511,0.077465437284784,0.0751787973512448,0.0825350983122363
zero_noise,16,6.4321,8.51171874999877,32,3.14159265358979,0.073320029752908,0.0708090910128346,0.0780512693753549
zero_noise,16,6.4321,8.51171874999877,33,3.23976742401447,0.0656223828529742,0.0634499633079194,0.0703312471496424
zero_noise,16,6.4321,8.51171874999877,34,3.33794219443916,0.0540945887502956,0.052250888638568,0.058665948633912
zero_noise,16,6.4321,8.51171874999877,35,3.43611696486384,0.0395934990049281,0.0380292380949205,0.0439654856296086
zero_noise,16,6.4321,8.51171874999877,36,3.53429173528852,0.0216707314694494,0.0206599900823678,0.0256847814379784
zero_noise,16,6.4321,8.51171874999877,37,3.6324665057132,-0.000143391430788865,-0.000701459863255441,0.00394681590252977
zero_noise,16,6.4321,8.51171874999877,38,3.73064127613788,-0.0253714609524836,-0.0245810180760658,-0.021047475678981
zero_noise,16,6.4321,8.51171874999877,39,3.82881604656256,-0.0532562581103761,-0.051773890456321,-0.0497835776734566
zero_noise,16,6.4321,8.51171874999877,40,3.92699081698724,-0.0829580431944966,-0.0813154535367772,-0.0795483954044758
zero_noise,16,6.4321,8.51171874999877,41,4.02516558741192,-0.118036317601645,-0.113413073486606,-0.11177177523863
zero_noise,16,6.4321,8.51171874999877,42,4.1233403578366,-0.14746066526463,-0.142971002275242,-0.142990779529074
zero_noise,16,6.4321,8.51171874999877,43,4.22151512826128,-0.180376112833943,-0.17491231847595,-0.17531410445035
zero_noise,16,6.4321,8.51171874999877,44,4.31968989868597,-0.211071000379416,-0.204670604943942,-0.205869510786178
zero_noise,16,6.4321,8.51171874999877,45,4.41786466911065,-0.238801922500965,-0.231905139739126,-0.234401056415332
zero_noise,16,6.4321,8.51171874999877,46,4.51603943953533,-0.266737718040506,-0.257752192149753,-0.260802448609144
zero_noise,16,6.4321,8.51171874999877,47,4.61421420996001,-0.288028724858269,-0.277712930358049,-0.282262850151409
zero_noise,16,6.4321,8.51171874999877,48,4.71238898038469,-0.30537318962534,-0.293789725369543,-0.298928802119393
zero_noise,16,6.4321,8.51171874999877,49,4.81056375080937,-0.316380044275356,-0.304192982086818,-0.310442309746037
zero_noise,16,6.4321,8.51171874999877,50,4.90873852123405,-0.322167657286006,-0.309579188474397,-0.316332926291406
zero_noise,16,6.4321,8.51171874999877,51,5.00691329165873,-0.322664217347301,-0.310091761160522,-0.316562177378035
zero_noise,16,6.4321,8.51171874999877,52,5.10508806208341,-0.316705586347489,-0.304410242211901,-0.310254659434933
zero_noise,16,6.4321,8.51171874999877,53,5.20326283250809,-0.304058429789177,-0.292824657830572,-0.298101485495759
zero_noise,16,6.4321,8.51171874999877,54,5.30143760293278,-0.28778206976605,-0.277263047697649,-0.280835319053602
zero_noise,16,6.4321,8.51171874999877,55,5.39961237335746,-0.263572744274056,-0.254577981951101,-0.257632337500456
zero_noise,16,6.4321,8.51171874999877,56,5.49778714378214,-0.234069720059841,-0.226923667886684,-0.229213712208644
zero_noise,16,6.4321,8.51171874999877,57,5.59596191420682,-0.204130613946749,-0.197439105224117,-0.197751316831481
zero_noise,16,6.4321,8.51171874999877,58,5.6941366846315,-0.166878502665276,-0.161596935696874,-0.161263216830106
zero_noise,16,6.4321,8.51171874999877,59,5.79231145505618,-0.128058391273119,-0.123413584865021,-0.122499591109464
zero_noise,16,6.4321,8.51171874999877,60,5.89048622548086,-0.0879143867614304,-0.0851558027730294,-0.082708616153086
zero_noise,16,6.4321,8.51171874999877,61,5.98866099590554,-0.0479730061070359,-0.0450752375391898,-0.0415538058835246
zero_noise,16,6.4321,8.51171874999877,62,6.08683576633022,-0.0059897908366094,-0.00546904647842861,-0.00125425510135423
zero_noise,16,6.4321,8.51171874999877,63,6.18501053675491,0.0343972318647433,0.0334913997129293,0.0389374892311693
zero_noise,17,6.71345,9.01171874999903,0,0,0.0713632328911314,0.0696443832664498,0.0758696657944137
zero_noise,17,6.71345,9.01171874999903,1,0.098174770424681,0.107170992912926,0.104135652588163,0.110945394879258
zero_noise,17,6.71345,9.01171874999903,2,0.196349540849362,0.138660581337273,0.135345138006903,0.142618125010304
zero_noise,17,6.71345,9.01171874999903,3,0.294524311274043,0.165548760080488,0.161319267883581,0.169445709159238
zero_noise,17,6.71345,9.01171874999903,4,0.392699081698724,0.187017043113575,0.182619034452077,0.191659540605051
zero_noise,17,6.71345,9.01171874999903,5,0.490873852123405,0.205550613589661,0.200717176138134,0.209396359896922
zero_noise,17,6.71345,9.01171874999903,6,0.589048622548086,0.216059566967676,0.21195209869862,0.2219106088964
zero_noise,17,6.71345,9.01171874999903,7,0.687223392972767,0.225980863005766,0.220469575287257,0.229774728491228
zero_noise,17,6.71345,9.01171874999903,8,0.785398163397448,0.227181346192963,0.222411299479604,0.232424246360601
zero_noise,17,6.71345,9.01171874999903,9,0.883572933822129,0.226048575641066,0.220909435518089,0.230787125461994
zero_noise,17,6.71345,9.01171874999903,10,0.98174770424681,0.22055500110725,0.215393106144161,0.225251131182646
zero_noise,17,6.71345,9.01171874999903,11,1.07992247467149,0.213003648294799,0.206576441703362,0.216248325600934
zero_noise,17,6.71345,9.01171874999903,12,1.17809724509617,0.200457500047906,0.19501293828449,0.204605494680599
zero_noise,17,6.71345,9.01171874999903,13,1.27627201552085,0.185004527528555,0.180344496593135,0.190136570678017
zero_noise,17,6.71345,9.01171874999903,14,1.37444678594553,0.169012878975301,0.164650609343127,0.174372010204357
zero_noise,17,6.71345,9.01171874999903,15,1.47262155637022,0.153971710210056,0.14985355376644,0.159012590468882
zero_noise,17,6.71345,9.01171874999903,16,1.5707963267949,0.136902073366862,0.133775818613962,0.143289960438036
zero_noise,17,6.71345,9.01171874999903,17,1.66897109721958,0.122916240314694,0.120117931404832,0.128403905123616
zero_noise,17,6.71345,9.01171874999903,18,1.76714586764426,0.10936397787101,0.106571320030429,0.115235391755108
zero_noise,17,6.71345,9.01171874999903,19,1.86532063806894,0.0981757939145688,0.0955647704339457,0.103408868749712
zero_noise,17,6.71345,9.01171874999903,20,1.96349540849362,0.0883703234626181,0.0857443269290596,0.0938663999552152
zero_noise,17,6.71345,9.01171874999903,21,2.0616701789183,0.0808584964400748,0.078900937001838,0.0865702532992128
zero_noise,17,6.71345,9.01171874999903,22,2.15984494934298,0.0766714153550309,0.0741001103364197,0.0817158904415944
zero_noise,17,6.71345,9.01171874999903,23,2.25801971976766,0.0729463668011064,0.0713025154673404,0.0788273028315387
zero_noise,17,6.71345,9.01171874999903,24,2.35619449019234,0.071901078358262,0.0704360499086009,0.0778516644230959
zero_noise,17,6.71345,9.01171874999903,25,2.45436926061703,0.0725773644026016,0.0710209811728225,0.0782936609820709
zero_noise,17,6.71345,9.01171874999903,26,2.55254403104171,0.0745483841178972,0.0730368484532159,0.0800875335644107
zero_noise,17,6.71345,9.01171874999903,27,2.65071880146639,0.0773764177462425,0.0752610372200485,0.0822997365537976
zero_noise,17,6.71345,9.01171874999903,28,2.74889357189107,0.0790923858525472,0.0768866104318785,0.0841321005750652
zero_noise,17,6.71345,9.01171874999903,29,2.84706834231575,0.0804329784041801,0.0785002705161856,0.085133588019364
zero_noise,17,6.71345,9.01171874999903,30,2.94524311274043,0.0796137885639018,0.0776630997762414,0.0847333299818973
zero_noise,17,6.71345,9.01171874999903,31,3.04341788316511,0.0777987028092052,0.0757027784428369,0.0825350983122363
zero_noise,17,6.71345,9.01171874999903,32,3.14159265358979,0.073164188452027,0.0712801105006731,0.0780512693753549
zero_noise,17,6.71345,9.01171874999903,33,3.23976742401447,0.0657471670664578,0.0639094040596271,0.0703312471496424
zero_noise,17,6.71345,9.01171874999903,34,3.33794219443916,0.0541157824215821,0.0526238673951708,0.058665948633912
zero_noise,17,6.71345,9.01171874999903,35,3.43611696486384,0.0396233873116802,0.0383480679382724,0.0439654856296086
zero_noise,17,6.71345,9.01171874999903,36,3.53429173528852,0.0216351423767165,0.0208550205412375,0.0256847814379784
zero_noise,17,6.71345,9.01171874999903,37,3.6324665057132,-0.000295500593285457,-0.000620268009261444,0.00394681590252977
zero_noise,17,6.71345,9.01171874999903,38,3.73064127613788,-0.0252234255707324,-0.0247094995749991,-0.021047475678981
zero_noise,17,6.71345,9.01171874999903,39,3.82881604656256,-0.0541314578182109,-0.0522454039286989,-0.0497835776734566
zero_noise,17,6.71345,9.01171874999903,40,3.92699081698724,-0.0834405377714386,-0.0817404703837095,-0.0795483954044758
zero_noise,17,6.71345,9.01171874999903,41,4.02516558741192,-0.118036317601645,-0.114337722309614,-0.11177177523863
zero_noise,17,6.71345,9.01171874999903,42,4.1233403578366,-0.14746066526463,-0.14386893487312,-0.142990779529074
zero_noise,17,6.71345,9.01171874999903,43,4.22151512826128,-0.180376112833943,-0.176005077347549,-0.17531410445035
zero_noise,17,6.71345,9.01171874999903,44,4.31968989868597,-0.211071000379416,-0.205950684031037,-0.205869510786178
zero_noise,17,6.71345,9.01171874999903,45,4.41786466911065,-0.238801922500965,-0.233284496291494,-0.234401056415332
zero_noise,17,6.71345,9.01171874999903,46,4.51603943953533,-0.266737718040506,-0.259549297327904,-0.260802448609144
zero_noise,17,6.71345,9.01171874999903,47,4.61421420996001,-0.288028724858269,-0.279776089258093,-0.282262850151409
zero_noise,17,6.71345,9.01171874999903,48,4.71238898038469,-0.30537318962534,-0.296106418220702,-0.298928802119393
zero_noise,17,6.71345,9.01171874999903,49,4.81056375080937,-0.316380044275356,-0.306630394524526,-0.310442309746037
zero_noise,17,6.71345,9.01171874999903,50,4.90873852123405,-0.322167657286006,-0.312096882236719,-0.316332926291406
zero_noise,17,6.71345,9.01171874999903,51,5.00691329165873,-0.322664217347301,-0.312606252397878,-0.316562177378035
zero_noise,17,6.71345,9.01171874999903,52,5.10508806208341,-0.316705586347489,-0.306869311039018,-0.310254659434933
zero_noise,17,6.71345,9.01171874999903,53,5.20326283250809,-0.304058429789177,-0.295071412222293,-0.298101485495759
zero_noise,17,6.71345,9.01171874999903,54,5.30143760293278,-0.28778206976605,-0.279366852111329,-0.280835319053602
zero_noise,17,6.71345,9.01171874999903,55,5.39961237335746,-0.263572744274056,-0.256376934415692,-0.257632337500456
zero_noise,17,6.71345,9.01171874999903,56,5.49778714378214,-0.234069720059841,-0.228352878321315,-0.229213712208644
zero_noise,17,6.71345,9.01171874999903,57,5.59596191420682,-0.204130613946749,-0.198777406968644,-0.197751316831481
zero_noise,17,6.71345,9.01171874999903,58,5.6941366846315,-0.166878502665276,-0.162653249090554,-0.161263216830106
zero_noise,17,6.71345,9.01171874999903,59,5.79231145505618,-0.128058391273119,-0.124342546146641,-0.122499591109464
zero_noise,17,6.71345,9.01171874999903,60,5.89048622548086,-0.0879143867614304,-0.0857075195707096,-0.082708616153086
zero_noise,17,6.71345,9.01171874999903,61,5.98866099590554,-0.0479730061070359,-0.045654791252759,-0.0415538058835246
zero_noise,17,6.71345,9.01171874999903,62,6.08683576633022,-0.0059897908366094,-0.00557319535006477,-0.00125425510135423
zero_noise,17,6.71345,9.01171874999903,63,6.18501053675491,0.0343972318647433,0.0336725661432921,0.0389374892311693
zero_noise,18,7.0626,9.51171874999938,0,0,0.0706192797389751,0.0698393625609549,0.0758696657944137
zero_noise,18,7.0626,9.51171874999938,1,0.098174770424681,0.105889515800494,0.10448642523063,0.110945394879258
zero_noise,18,7.0626,9.51171874999938,2,0.196349540849362,0.13810288077405,0.135896686560332,0.142618125010304
zero_noise,18,7.0626,9.51171874999938,3,0.294524311274043,0.165554022014242,0.162166218709713,0.169445709159238
zero_noise,18,7.0626,9.51171874999938,4,0.392699081698724,0.185915440933376,0.183278315748337,0.191659540605051
zero_noise,18,7.0626,9.51171874999938,5,0.490873852123405,0.205832648214018,0.201740270553311,0.209396359896922
zero_noise,18,7.0626,9.51171874999938,6,0.589048622548086,0.217553326923669,0.21307234434363,0.2219106088964
zero_noise,18,7.0626,9.51171874999938,7,0.687223392972767,0.226186480455657,0.221612956320937,0.229774728491228
zero_noise,18,7.0626,9.51171874999938,8,0.785398163397448,0.227979015028693,0.223524842589422,0.232424246360601
zero_noise,18,7.0626,9.51171874999938,9,0.883572933822129,0.226048575641066,0.221937263542684,0.230787125461994
zero_noise,18,7.0626,9.51171874999938,10,0.98174770424681,0.22055500110725,0.216425485136779,0.225251131182646
zero_noise,18,7.0626,9.51171874999938,11,1.07992247467149,0.213003648294799,0.20786188302165,0.216248325600934
zero_noise,18,7.0626,9.51171874999938,12,1.17809724509617,0.200457500047906,0.196101850637174,0.204605494680599
zero_noise,18,7.0626,9.51171874999938,13,1.27627201552085,0.185004527528555,0.181276502780219,0.190136570678017
zero_noise,18,7.0626,9.51171874999938,14,1.37444678594553,0.169012878975301,0.165523063269562,0.174372010204357
zero_noise,18,7.0626,9.51171874999938,15,1.47262155637022,0.153971710210056,0.150677185055163,0.159012590468882
zero_noise,18,7.0626,9.51171874999938,16,1.5707963267949,0.136902073366862,0.134401069564542,0.143289960438036
zero_noise,18,7.0626,9.51171874999938,17,1.66897109721958,0.122916240314694,0.120677593186804,0.128403905123616
zero_noise,18,7.0626,9.51171874999938,18,1.76714586764426,0.10936397787101,0.107129851598545,0.115235391755108
zero_noise,18,7.0626,9.51171874999938,19,1.86532063806894,0.0981757939145688,0.0960869751300703,0.103408868749712
zero_noise,18,7.0626,9.51171874999938,20,1.96349540849362,0.0883703234626181,0.0862695262357713,0.0938663999552152
zero_noise,18,7.0626,9.51171874999938,21,2.0616701789183,0.0808584964400748,0.0792924488894854,0.0865702532992128
zero_noise,18,7.0626,9.51171874999938,22,2.15984494934298,0.0766714153550309,0.074614371340142,0.0817158904415944
zero_noise,18,7.0626,9.51171874999938,23,2.25801971976766,0.0729463668011064,0.0716312857340936,0.0788273028315387
zero_noise,18,7.0626,9.51171874999938,24,2.35619449019234,0.071901078358262,0.0707290555985332,0.0778516644230959
zero_noise,18,7.0626,9.51171874999938,25,2.45436926061703,0.0725773644026016,0.0713322578187783,0.0782936609820709
zero_noise,18,7.0626,9.51171874999938,26,2.55254403104171,0.0745483841178972,0.0733391555861522,0.0800875335644107
zero_noise,18,7.0626,9.51171874999938,27,2.65071880146639,0.0773764177462425,0.0756841133252873,0.0822997365537976
zero_noise,18,7.0626,9.51171874999938,28,2.74889357189107,0.0790923858525472,0.0773277655160123,0.0841321005750652
zero_noise,18,7.0626,9.51171874999938,29,2.84706834231575,0.0804329784041801,0.0788868120937845,0.085133588019364
zero_noise,18,7.0626,9.51171874999938,30,2.94524311274043,0.0796137885639018,0.0780532375337735,0.0847333299818973
zero_noise,18,7.0626,9.51171874999938,31,3.04341788316511,0.0777987028092052,0.0761219633161105,0.0825350983122363
zero_noise,18,7.0626,9.51171874999938,32,3.14159265358979,0.073164188452027,0.0716569260909439,0.0780512693753549
zero_noise,18,7.0626,9.51171874999938,33,3.23976742401447,0.0657471670664578,0.0642769566609932,0.0703312471496424
zero_noise,18,7.0626,9.51171874999938,34,3.33794219443916,0.0541157824215821,0.052922250400453,0.058665948633912
zero_noise,18,7.0626,9.51171874999938,35,3.43611696486384,0.0396233873116802,0.038603131812954,0.0439654856296086
zero_noise,18,7.0626,9.51171874999938,36,3.53429173528852,0.0216351423767165,0.0210110449083333,0.0256847814379784
zero_noise,18,7.0626,9.51171874999938,37,3.6324665057132,-0.000295500593285457,-0.000555314526066247,0.00394681590252977
zero_noise,18,7.0626,9.51171874999938,38,3.73064127613788,-0.0252234255707324,-0.0248122847741458,-0.021047475678981
zero_noise,18,7.0626,9.51171874999938,39,3.82881604656256,-0.0541479058695629,-0.0526259043168717,-0.0497835776734566
zero_noise,18,7.0626,9.51171874999938,40,3.92699081698724,-0.0832742366809704,-0.0820472236431617,-0.0795483954044758
zero_noise,18,7.0626,9.51171874999938,41,4.02516558741192,-0.11608472783589,-0.114687123414869,-0.11177177523863
zero_noise,18,7.0626,9.51171874999938,42,4.1233403578366,-0.147463097185121,-0.14458776733552,-0.142990779529074
zero_noise,18,7.0626,9.51171874999938,43,4.22151512826128,-0.179978401264765,-0.176799742130992,-0.17531410445035
zero_noise,18,7.0626,9.51171874999938,44,4.31968989868597,-0.210390250773433,-0.206838597379516,-0.205869510786178
zero_noise,18,7.0626,9.51171874999938,45,4.41786466911065,-0.238926686394511,-0.234412934312097,-0.234401056415332
zero_noise,18,7.0626,9.51171874999938,46,4.51603943953533,-0.26568639518343,-0.260776716899009,-0.260802448609144
zero_noise,18,7.0626,9.51171874999938,47,4.61421420996001,-0.287052878965522,-0.281231447199579,-0.282262850151409
zero_noise,18,7.0626,9.51171874999938,48,4.71238898038469,-0.305462671824785,-0.297977668941519,-0.298928802119393
zero_noise,18,7.0626,9.51171874999938,49,4.81056375080937,-0.31654860177192,-0.308614035974004,-0.310442309746037
zero_noise,18,7.0626,9.51171874999938,50,4.90873852123405,-0.322224599874702,-0.314122425764316,-0.316332926291406
zero_noise,18,7.0626,9.51171874999938,51,5.00691329165873,-0.322523771234575,-0.314589756165217,-0.316562177378035
zero_noise,18,7.0626,9.51171874999938,52,5.10508806208341,-0.316686062199407,-0.308832661271096,-0.310254659434933
zero_noise,18,7.0626,9.51171874999938,53,5.20326283250809,-0.30348812436931,-0.296754754651696,-0.298101485495759
zero_noise,18,7.0626,9.51171874999938,54,5.30143760293278,-0.286581304874557,-0.280809742663974,-0.280835319053602
zero_noise,18,7.0626,9.51171874999938,55,5.39961237335746,-0.263427753104579,-0.257787098153469,-0.257632337500456
zero_noise,18,7.0626,9.51171874999938,56,5.49778714378214,-0.234306128517239,-0.2295435283605,-0.229213712208644
zero_noise,18,7.0626,9.51171874999938,57,5.59596191420682,-0.204484844158312,-0.199918894406577,-0.197751316831481
zero_noise,18,7.0626,9.51171874999938,58,5.6941366846315,-0.165768350732652,-0.163276269418974,-0.161263216830106
zero_noise,18,7.0626,9.51171874999938,59,5.79231145505618,-0.12686057113271,-0.124846151143854,-0.122499591109464
zero_noise,18,7.0626,9.51171874999938,60,5.89048622548086,-0.0872483601848724,-0.0860156876935422,-0.082708616153086
zero_noise,18,7.0626,9.51171874999938,61,5.98866099590554,-0.0451817660992331,-0.0455601862220538,-0.0415538058835246
zero_noise,18,7.0626,9.51171874999938,62,6.08683576633022,-0.0061846379660594,-0.00569548387326369,-0.00125425510135423
zero_noise,18,7.0626,9.51171874999938,63,6.18501053675491,0.0341954959738933,0.0337771521094123,0.0389374892311693
noise95_pm0p1A,1,1.63855,1.00000000000009,0,0,0.0593517614351802,0.011870352287036,0.0758696657944137
noise95_pm0p1A,1,1.63855,1.00000000000009,1,0.098174770424681,0.0880394174446053,0.0176078834889211,0.110945394879258
noise95_pm0p1A,1,1.63855,1.00000000000009,2,0.196349540849362,0.116034484153716,0.0232068968307432,0.142618125010304
noise95_pm0p1A,1,1.63855,1.00000000000009,3,0.294524311274043,0.139819625179433,0.0279639250358867,0.169445709159238
noise95_pm0p1A,1,1.63855,1.00000000000009,4,0.392699081698724,0.163418509680604,0.0326837019361208,0.191659540605051
noise95_pm0p1A,1,1.63855,1.00000000000009,5,0.490873852123405,0.181736715976248,0.0349065850398866,0.209396359896922
noise95_pm0p1A,1,1.63855,1.00000000000009,6,0.589048622548086,0.196896680640293,0.0349065850398866,0.2219106088964
noise95_pm0p1A,1,1.63855,1.00000000000009,7,0.687223392972767,0.205645777443136,0.0349065850398866,0.229774728491228
noise95_pm0p1A,1,1.63855,1.00000000000009,8,0.785398163397448,0.208066086926369,0.0349065850398866,0.232424246360601
noise95_pm0p1A,1,1.63855,1.00000000000009,9,0.883572933822129,0.204270545851191,0.0349065850398866,0.230787125461994
noise95_pm0p1A,1,1.63855,1.00000000000009,10,0.98174770424681,0.1969184741775,0.0349065850398866,0.225251131182646
noise95_pm0p1A,1,1.63855,1.00000000000009,11,1.07992247467149,0.186567459847052,0.0349065850398866,0.216248325600934
noise95_pm0p1A,1,1.63855,1.00000000000009,12,1.17809724509617,0.173084983479159,0.0346169966958318,0.204605494680599
noise95_pm0p1A,1,1.63855,1.00000000000009,13,1.27627201552085,0.155915620852257,0.0311831241704514,0.190136570678017
noise95_pm0p1A,1,1.63855,1.00000000000009,14,1.37444678594553,0.141078565080707,0.0282157130161413,0.174372010204357
noise95_pm0p1A,1,1.63855,1.00000000000009,15,1.47262155637022,0.126336820553114,0.0252673641106227,0.159012590468882
noise95_pm0p1A,1,1.63855,1.00000000000009,16,1.5707963267949,0.111347090113731,0.0222694180227462,0.143289960438036
noise95_pm0p1A,1,1.63855,1.00000000000009,17,1.66897109721958,0.0987230869481572,0.0197446173896314,0.128403905123616
noise95_pm0p1A,1,1.63855,1.00000000000009,18,1.76714586764426,0.0873636400602208,0.0174727280120442,0.115235391755108
noise95_pm0p1A,1,1.63855,1.00000000000009,19,1.86532063806894,0.0755718632998119,0.0151143726599624,0.103408868749712
noise95_pm0p1A,1,1.63855,1.00000000000009,20,1.96349540849362,0.0676436403655384,0.0135287280731077,0.0938663999552152
noise95_pm0p1A,1,1.63855,1.00000000000009,21,2.0616701789183,0.0635784920171701,0.012715698403434,0.0865702532992128
noise95_pm0p1A,1,1.63855,1.00000000000009,22,2.15984494934298,0.0605822157964025,0.0121164431592805,0.0817158904415944
noise95_pm0p1A,1,1.63855,1.00000000000009,23,2.25801971976766,0.0588601798461842,0.0117720359692368,0.0788273028315387
noise95_pm0p1A,1,1.63855,1.00000000000009,24,2.35619449019234,0.0571466273740548,0.011429325474811,0.0778516644230959
noise95_pm0p1A,1,1.63855,1.00000000000009,25,2.45436926061703,0.0580081941999821,0.0116016388399964,0.0782936609820709
noise95_pm0p1A,1,1.63855,1.00000000000009,26,2.55254403104171,0.058551977614586,0.0117103955229172,0.0800875335644107
noise95_pm0p1A,1,1.63855,1.00000000000009,27,2.65071880146639,0.0613112310807467,0.0122622462161493,0.0822997365537976
noise95_pm0p1A,1,1.63855,1.00000000000009,28,2.74889357189107,0.0625623651537591,0.0125124730307518,0.0841321005750652
noise95_pm0p1A,1,1.63855,1.00000000000009,29,2.84706834231575,0.0631401772273162,0.0126280354454632,0.085133588019364
noise95_pm0p1A,1,1.63855,1.00000000000009,30,2.94524311274043,0.0608806052742575,0.0121761210548515,0.0847333299818973
noise95_pm0p1A,1,1.63855,1.00000000000009,31,3.04341788316511,0.0600500045421551,0.012010000908431,0.0825350983122363
noise95_pm0p1A,1,1.63855,1.00000000000009,32,3.14159265358979,0.0554731474931515,0.0110946294986303,0.0780512693753549
noise95_pm0p1A,1,1.63855,1.00000000000009,33,3.23976742401447,0.0503465407626322,0.0100693081525264,0.0703312471496424
noise95_pm0p1A,1,1.63855,1.00000000000009,34,3.33794219443916,0.039608626077055,0.007921725215411,0.058665948633912
noise95_pm0p1A,1,1.63855,1.00000000000009,35,3.43611696486384,0.0282509562310048,0.00565019124620095,0.0439654856296086
noise95_pm0p1A,1,1.63855,1.00000000000009,36,3.53429173528852,0.0127438032821029,0.00254876065642059,0.0256847814379784
noise95_pm0p1A,1,1.63855,1.00000000000009,37,3.6324665057132,-0.00477177094611281,-0.000954354189222562,0.00394681590252977
noise95_pm0p1A,1,1.63855,1.00000000000009,38,3.73064127613788,-0.0189457438724337,-0.00378914877448674,-0.021047475678981
noise95_pm0p1A,1,1.63855,1.00000000000009,39,3.82881604656256,-0.039458028377407,-0.00789160567548139,-0.0497835776734566
noise95_pm0p1A,1,1.63855,1.00000000000009,40,3.92699081698724,-0.0752391722309125,-0.0150478344461825,-0.0795483954044758
noise95_pm0p1A,1,1.63855,1.00000000000009,41,4.02516558741192,-0.101200306840453,-0.0202400613680906,-0.11177177523863
noise95_pm0p1A,1,1.63855,1.00000000000009,42,4.1233403578366,-0.130611826922016,-0.0261223653844032,-0.142990779529074
noise95_pm0p1A,1,1.63855,1.00000000000009,43,4.22151512826128,-0.162949209274411,-0.0325898418548823,-0.17531410445035
noise95_pm0p1A,1,1.63855,1.00000000000009,44,4.31968989868597,-0.195759309796349,-0.0349065850398866,-0.205869510786178
noise95_pm0p1A,1,1.63855,1.00000000000009,45,4.41786466911065,-0.233508239600898,-0.0349065850398866,-0.234401056415332
noise95_pm0p1A,1,1.63855,1.00000000000009,46,4.51603943953533,-0.269202153576892,-0.0349065850398866,-0.260802448609144
noise95_pm0p1A,1,1.63855,1.00000000000009,47,4.61421420996001,-0.303548825343154,-0.0349065850398866,-0.282262850151409
noise95_pm0p1A,1,1.63855,1.00000000000009,48,4.71238898038469,-0.331269247961903,-0.0349065850398866,-0.298928802119393
noise95_pm0p1A,1,1.63855,1.00000000000009,49,4.81056375080937,-0.350486180696154,-0.0349065850398866,-0.310442309746037
noise95_pm0p1A,1,1.63855,1.00000000000009,50,4.90873852123405,-0.359905825965364,-0.0349065850398866,-0.316332926291406
noise95_pm0p1A,1,1.63855,1.00000000000009,51,5.00691329165873,-0.359812954907434,-0.0349065850398866,-0.316562177378035
noise95_pm0p1A,1,1.63855,1.00000000000009,52,5.10508806208341,-0.341353729070239,-0.0349065850398866,-0.310254659434933
noise95_pm0p1A,1,1.63855,1.00000000000009,53,5.20326283250809,-0.315950249419178,-0.0349065850398866,-0.298101485495759
noise95_pm0p1A,1,1.63855,1.00000000000009,54,5.30143760293278,-0.283351911309793,-0.0349065850398866,-0.280835319053602
noise95_pm0p1A,1,1.63855,1.00000000000009,55,5.39961237335746,-0.246483243687928,-0.0349065850398866,-0.257632337500456
noise95_pm0p1A,1,1.63855,1.00000000000009,56,5.49778714378214,-0.206790278129679,-0.0349065850398866,-0.229213712208644
noise95_pm0p1A,1,1.63855,1.00000000000009,57,5.59596191420682,-0.167633871949698,-0.0335267743899395,-0.197751316831481
noise95_pm0p1A,1,1.63855,1.00000000000009,58,5.6941366846315,-0.131155300148288,-0.0262310600296577,-0.161263216830106
noise95_pm0p1A,1,1.63855,1.00000000000009,59,5.79231145505618,-0.0966776652411654,-0.0193355330482331,-0.122499591109464
noise95_pm0p1A,1,1.63855,1.00000000000009,60,5.89048622548086,-0.0624381831470895,-0.0124876366294179,-0.082708616153086
noise95_pm0p1A,1,1.63855,1.00000000000009,61,5.98866099590554,-0.030586413507818,-0.00611728270156361,-0.0415538058835246
noise95_pm0p1A,1,1.63855,1.00000000000009,62,6.08683576633022,0.000850391313933054,0.000170078262786611,-0.00125425510135423
noise95_pm0p1A,1,1.63855,1.00000000000009,63,6.18501053675491,0.033191822708593,0.0066383645417186,0.0389374892311693
noise95_pm0p1A,2,1.9903,1.50000000000013,0,0,0.0698550979490573,0.0234673014194403,0.0758696657944137
noise95_pm0p1A,2,1.9903,1.50000000000013,1,0.098174770424681,0.10285991400162,0.0346582895914608,0.110945394879258
noise95_pm0p1A,2,1.9903,1.50000000000013,2,0.196349540849362,0.135016424231375,0.0455688023108696,0.142618125010304
noise95_pm0p1A,2,1.9903,1.50000000000013,3,0.294524311274043,0.160482418544529,0.0544676237376151,0.169445709159238
noise95_pm0p1A,2,1.9903,1.50000000000013,4,0.392699081698724,0.184917018581677,0.0631303652652321,0.191659540605051
noise95_pm0p1A,2,1.9903,1.50000000000013,5,0.490873852123405,0.202230606372284,0.0683713893063661,0.209396359896922
noise95_pm0p1A,2,1.9903,1.50000000000013,6,0.589048622548086,0.215093449773277,0.0698131700797732,0.2219106088964
noise95_pm0p1A,2,1.9903,1.50000000000013,7,0.687223392972767,0.217848761982595,0.0698131700797732,0.229774728491228
noise95_pm0p1A,2,1.9903,1.50000000000013,8,0.785398163397448,0.208283818992043,0.0695820318303179,0.232424246360601
noise95_pm0p1A,2,1.9903,1.50000000000013,9,0.883572933822129,0.204270545851191,0.0687793772021474,0.230787125461994
noise95_pm0p1A,2,1.9903,1.50000000000013,10,0.98174770424681,0.1969184741775,0.0673089628674092,0.225251131182646
noise95_pm0p1A,2,1.9903,1.50000000000013,11,1.07992247467149,0.186567459847052,0.0652387600013197,0.216248325600934
noise95_pm0p1A,2,1.9903,1.50000000000013,12,1.17809724509617,0.173084983479159,0.0623105940524973,0.204605494680599
noise95_pm0p1A,2,1.9903,1.50000000000013,13,1.27627201552085,0.155915620852257,0.0561296235068126,0.190136570678017
noise95_pm0p1A,2,1.9903,1.50000000000013,14,1.37444678594553,0.141078565080707,0.0507882834290544,0.174372010204357
noise95_pm0p1A,2,1.9903,1.50000000000013,15,1.47262155637022,0.126336820553114,0.0454812553991209,0.159012590468882
noise95_pm0p1A,2,1.9903,1.50000000000013,16,1.5707963267949,0.111347090113731,0.0400849524409432,0.143289960438036
noise95_pm0p1A,2,1.9903,1.50000000000013,17,1.66897109721958,0.0987230869481572,0.0355403113013366,0.128403905123616
noise95_pm0p1A,2,1.9903,1.50000000000013,18,1.76714586764426,0.0873636400602208,0.0314509104216795,0.115235391755108
noise95_pm0p1A,2,1.9903,1.50000000000013,19,1.86532063806894,0.0755718632998119,0.0272058707879323,0.103408868749712
noise95_pm0p1A,2,1.9903,1.50000000000013,20,1.96349540849362,0.0676436403655384,0.0243517105315938,0.0938663999552152
noise95_pm0p1A,2,1.9903,1.50000000000013,21,2.0616701789183,0.0635784920171701,0.0228882571261813,0.0865702532992128
noise95_pm0p1A,2,1.9903,1.50000000000013,22,2.15984494934298,0.0605822157964025,0.0218095976867049,0.0817158904415944
noise95_pm0p1A,2,1.9903,1.50000000000013,23,2.25801971976766,0.0588601798461842,0.0211896647446263,0.0788273028315387
noise95_pm0p1A,2,1.9903,1.50000000000013,24,2.35619449019234,0.0571466273740548,0.0205727858546597,0.0778516644230959
noise95_pm0p1A,2,1.9903,1.50000000000013,25,2.45436926061703,0.0580081941999821,0.0208829499119935,0.0782936609820709
noise95_pm0p1A,2,1.9903,1.50000000000013,26,2.55254403104171,0.058551977614586,0.021078711941251,0.0800875335644107
noise95_pm0p1A,2,1.9903,1.50000000000013,27,2.65071880146639,0.0613112310807467,0.0220720431890688,0.0822997365537976
noise95_pm0p1A,2,1.9903,1.50000000000013,28,2.74889357189107,0.0625623651537591,0.0225224514553533,0.0841321005750652
noise95_pm0p1A,2,1.9903,1.50000000000013,29,2.84706834231575,0.0631401772273162,0.0227304638018338,0.085133588019364
noise95_pm0p1A,2,1.9903,1.50000000000013,30,2.94524311274043,0.0608806052742575,0.0219170178987327,0.0847333299818973
noise95_pm0p1A,2,1.9903,1.50000000000013,31,3.04341788316511,0.0600500045421551,0.0216180016351758,0.0825350983122363
noise95_pm0p1A,2,1.9903,1.50000000000013,32,3.14159265358979,0.0554731474931515,0.0199703330975345,0.0780512693753549
noise95_pm0p1A,2,1.9903,1.50000000000013,33,3.23976742401447,0.0503465407626322,0.0181247546745476,0.0703312471496424
noise95_pm0p1A,2,1.9903,1.50000000000013,34,3.33794219443916,0.039608626077055,0.0142591053877398,0.058665948633912
noise95_pm0p1A,2,1.9903,1.50000000000013,35,3.43611696486384,0.0282509562310048,0.0101703442431617,0.0439654856296086
noise95_pm0p1A,2,1.9903,1.50000000000013,36,3.53429173528852,0.0127438032821029,0.00458776918155705,0.0256847814379784
noise95_pm0p1A,2,1.9903,1.50000000000013,37,3.6324665057132,-0.00477177094611281,-0.00171783754060061,0.00394681590252977
noise95_pm0p1A,2,1.9903,1.50000000000013,38,3.73064127613788,-0.0189457438724337,-0.00682046779407613,-0.021047475678981
noise95_pm0p1A,2,1.9903,1.50000000000013,39,3.82881604656256,-0.0445771689982229,-0.0152287183400297,-0.0497835776734566
noise95_pm0p1A,2,1.9903,1.50000000000013,40,3.92699081698724,-0.0850173704820014,-0.0290417416533463,-0.0795483954044758
noise95_pm0p1A,2,1.9903,1.50000000000013,41,4.02516558741192,-0.114728859687059,-0.0391378210318842,-0.11177177523863
noise95_pm0p1A,2,1.9903,1.50000000000013,42,4.1233403578366,-0.145153593023865,-0.0499286109122957,-0.142990779529074
noise95_pm0p1A,2,1.9903,1.50000000000013,43,4.22151512826128,-0.178235847334547,-0.0617190429508152,-0.17531410445035
noise95_pm0p1A,2,1.9903,1.50000000000013,44,4.31968989868597,-0.206650844841075,-0.0692554370001243,-0.205869510786178
noise95_pm0p1A,2,1.9903,1.50000000000013,45,4.41786466911065,-0.237630939231479,-0.0698131700797732,-0.234401056415332
noise95_pm0p1A,2,1.9903,1.50000000000013,46,4.51603943953533,-0.264737080473405,-0.0698131700797732,-0.260802448609144
noise95_pm0p1A,2,1.9903,1.50000000000013,47,4.61421420996001,-0.284841431428864,-0.0698131700797732,-0.282262850151409
noise95_pm0p1A,2,1.9903,1.50000000000013,48,4.71238898038469,-0.303378351350771,-0.0698131700797732,-0.298928802119393
noise95_pm0p1A,2,1.9903,1.50000000000013,49,4.81056375080937,-0.314303027379915,-0.0698131700797732,-0.310442309746037
noise95_pm0p1A,2,1.9903,1.50000000000013,50,4.90873852123405,-0.319650041480633,-0.0698131700797732,-0.316332926291406
noise95_pm0p1A,2,1.9903,1.50000000000013,51,5.00691329165873,-0.321863320873452,-0.0698131700797732,-0.316562177378035
noise95_pm0p1A,2,1.9903,1.50000000000013,52,5.10508806208341,-0.318887005562628,-0.0698131700797732,-0.310254659434933
noise95_pm0p1A,2,1.9903,1.50000000000013,53,5.20326283250809,-0.307265684577065,-0.0698131700797732,-0.298101485495759
noise95_pm0p1A,2,1.9903,1.50000000000013,54,5.30143760293278,-0.288055702082607,-0.0698131700797732,-0.280835319053602
noise95_pm0p1A,2,1.9903,1.50000000000013,55,5.39961237335746,-0.264153957363871,-0.0698131700797732,-0.257632337500456
noise95_pm0p1A,2,1.9903,1.50000000000013,56,5.49778714378214,-0.234094905692757,-0.0698131700797732,-0.229213712208644
noise95_pm0p1A,2,1.9903,1.50000000000013,57,5.59596191420682,-0.198033417583003,-0.0664281030285523,-0.197751316831481
noise95_pm0p1A,2,1.9903,1.50000000000013,58,5.6941366846315,-0.159104365554221,-0.0528057211345703,-0.161263216830106
noise95_pm0p1A,2,1.9903,1.50000000000013,59,5.79231145505618,-0.119906511443111,-0.0394497287272086,-0.122499591109464
noise95_pm0p1A,2,1.9903,1.50000000000013,60,5.89048622548086,-0.0804915866088024,-0.0260884266252948,-0.082708616153086
noise95_pm0p1A,2,1.9903,1.50000000000013,61,5.98866099590554,-0.042365384134903,-0.0133669029882315,-0.0415538058835246
noise95_pm0p1A,2,1.9903,1.50000000000013,62,6.08683576633022,-0.00287482451482525,-0.000438902292735761,-0.00125425510135423
noise95_pm0p1A,2,1.9903,1.50000000000013,63,6.18501053675491,0.0370023563967322,0.0127111629127213,0.0389374892311693
noise95_pm0p1A,3,2.2762,2.00097656250006,0,0,0.0698550979490573,0.0327448607253637,0.0758696657944137
noise95_pm0p1A,3,2.2762,2.00097656250006,1,0.098174770424681,0.10285991400162,0.0482986144734926,0.110945394879258
noise95_pm0p1A,3,2.2762,2.00097656250006,2,0.196349540849362,0.135016424231375,0.0634583266949708,0.142618125010304
noise95_pm0p1A,3,2.2762,2.00097656250006,3,0.294524311274043,0.160482418544529,0.0756705826989979,0.169445709159238
noise95_pm0p1A,3,2.2762,2.00097656250006,4,0.392699081698724,0.184917018581677,0.0874876959285212,0.191659540605051
noise95_pm0p1A,3,2.2762,2.00097656250006,5,0.490873852123405,0.202230606372284,0.0951432327195497,0.209396359896922
noise95_pm0p1A,3,2.2762,2.00097656250006,6,0.589048622548086,0.215093449773277,0.0988692260184739,0.2219106088964
noise95_pm0p1A,3,2.2762,2.00097656250006,7,0.687223392972767,0.224746344574402,0.100799804978699,0.229774728491228
noise95_pm0p1A,3,2.2762,2.00097656250006,8,0.785398163397448,0.226829524767324,0.101031530417719,0.232424246360601
noise95_pm0p1A,3,2.2762,2.00097656250006,9,0.883572933822129,0.224351365997102,0.0998937749611383,0.230787125461994
noise95_pm0p1A,3,2.2762,2.00097656250006,10,0.98174770424681,0.217429496286825,0.0973330695512923,0.225251131182646
noise95_pm0p1A,3,2.2762,2.00097656250006,11,1.07992247467149,0.208240439791731,0.0938390959594019,0.216248325600934
noise95_pm0p1A,3,2.2762,2.00097656250006,12,1.17809724509617,0.196069639386865,0.0890624031193707,0.204605494680599
noise95_pm0p1A,3,2.2762,2.00097656250006,13,1.27627201552085,0.179592631752879,0.0808222251560258,0.190136570678017
noise95_pm0p1A,3,2.2762,2.00097656250006,14,1.37444678594553,0.164235038298628,0.0734776344029691,0.174372010204357
noise95_pm0p1A,3,2.2762,2.00097656250006,15,1.47262155637022,0.149756066404658,0.0663362176002284,0.159012590468882
noise95_pm0p1A,3,2.2762,2.00097656250006,16,1.5707963267949,0.133176156230911,0.0587031931989367,0.143289960438036
noise95_pm0p1A,3,2.2762,2.00097656250006,17,1.66897109721958,0.118935089201257,0.0522192668813207,0.128403905123616
noise95_pm0p1A,3,2.2762,2.00097656250006,18,1.76714586764426,0.105252570367599,0.0462112424108635,0.115235391755108
noise95_pm0p1A,3,2.2762,2.00097656250006,19,1.86532063806894,0.0917395538169449,0.0401126073937348,0.103408868749712
noise95_pm0p1A,3,2.2762,2.00097656250006,20,1.96349540849362,0.0829139080935428,0.0360641500439836,0.0938663999552152
noise95_pm0p1A,3,2.2762,2.00097656250006,21,2.0616701789183,0.0767140431353621,0.0336534143280174,0.0865702532992128
noise95_pm0p1A,3,2.2762,2.00097656250006,22,2.15984494934298,0.072866935809224,0.0320210653112087,0.0817158904415944
noise95_pm0p1A,3,2.2762,2.00097656250006,23,2.25801971976766,0.0707137768437789,0.0310944871644568,0.0788273028315387
noise95_pm0p1A,3,2.2762,2.00097656250006,24,2.35619449019234,0.069030791873654,0.0302643870584586,0.0778516644230959
noise95_pm0p1A,3,2.2762,2.00097656250006,25,2.45436926061703,0.0699530170371286,0.0306969633370206,0.0782936609820709
noise95_pm0p1A,3,2.2762,2.00097656250006,26,2.55254403104171,0.0708599351773851,0.0310349565884778,0.0800875335644107
noise95_pm0p1A,3,2.2762,2.00097656250006,27,2.65071880146639,0.0740619767124359,0.0324700298937422,0.0822997365537976
noise95_pm0p1A,3,2.2762,2.00097656250006,28,2.74889357189107,0.0752094715732085,0.0330598554789243,0.0841321005750652
noise95_pm0p1A,3,2.2762,2.00097656250006,29,2.84706834231575,0.076676726748414,0.0335197163911499,0.085133588019364
noise95_pm0p1A,3,2.2762,2.00097656250006,30,2.94524311274043,0.0753229281602789,0.0325981999510419,0.0847333299818973
noise95_pm0p1A,3,2.2762,2.00097656250006,31,3.04341788316511,0.0742696996689663,0.0321483412419339,0.0825350983122363
noise95_pm0p1A,3,2.2762,2.00097656250006,32,3.14159265358979,0.0704724103600561,0.0300707485500389,0.0780512693753549
noise95_pm0p1A,3,2.2762,2.00097656250006,33,3.23976742401447,0.0631228269987675,0.0271243691393916,0.0703312471496424
noise95_pm0p1A,3,2.2762,2.00097656250006,34,3.33794219443916,0.0507436777516885,0.0215560198605295,0.058665948633912
noise95_pm0p1A,3,2.2762,2.00097656250006,35,3.43611696486384,0.0366598866126479,0.0154682527170589,0.0439654856296086
noise95_pm0p1A,3,2.2762,2.00097656250006,36,3.53429173528852,0.0184611070092822,0.00736243674710209,0.0256847814379784
noise95_pm0p1A,3,2.2762,2.00097656250006,37,3.6324665057132,-0.00297098022814658,-0.0019684660781098,0.00394681590252977
noise95_pm0p1A,3,2.2762,2.00097656250006,38,3.73064127613788,-0.0237546588657882,-0.0102073060084186,-0.021047475678981
noise95_pm0p1A,3,2.2762,2.00097656250006,39,3.82881604656256,-0.0485042533030802,-0.0218838253326398,-0.0497835776734566
noise95_pm0p1A,3,2.2762,2.00097656250006,40,3.92699081698724,-0.0848055911382097,-0.040194511550319,-0.0795483954044758
noise95_pm0p1A,3,2.2762,2.00097656250006,41,4.02516558741192,-0.114728859687059,-0.0542560287629191,-0.11177177523863
noise95_pm0p1A,3,2.2762,2.00097656250006,42,4.1233403578366,-0.145153593023865,-0.0689736073346096,-0.142990779529074
noise95_pm0p1A,3,2.2762,2.00097656250006,43,4.22151512826128,-0.178235847334547,-0.0850224038275615,-0.17531410445035
noise95_pm0p1A,3,2.2762,2.00097656250006,44,4.31968989868597,-0.206650844841075,-0.0967345185683146,-0.205869510786178
noise95_pm0p1A,3,2.2762,2.00097656250006,45,4.41786466911065,-0.237630939231479,-0.103376723910114,-0.234401056415332
noise95_pm0p1A,3,2.2762,2.00097656250006,46,4.51603943953533,-0.264737080473405,-0.10471975511966,-0.260802448609144
noise95_pm0p1A,3,2.2762,2.00097656250006,47,4.61421420996001,-0.284841431428864,-0.10471975511966,-0.282262850151409
noise95_pm0p1A,3,2.2762,2.00097656250006,48,4.71238898038469,-0.303378351350771,-0.10471975511966,-0.298928802119393
noise95_pm0p1A,3,2.2762,2.00097656250006,49,4.81056375080937,-0.314303027379915,-0.10471975511966,-0.310442309746037
noise95_pm0p1A,3,2.2762,2.00097656250006,50,4.90873852123405,-0.319650041480633,-0.10471975511966,-0.316332926291406
noise95_pm0p1A,3,2.2762,2.00097656250006,51,5.00691329165873,-0.321863320873452,-0.10471975511966,-0.316562177378035
noise95_pm0p1A,3,2.2762,2.00097656250006,52,5.10508806208341,-0.318887005562628,-0.10471975511966,-0.310254659434933
noise95_pm0p1A,3,2.2762,2.00097656250006,53,5.20326283250809,-0.307265684577065,-0.10471975511966,-0.298101485495759
noise95_pm0p1A,3,2.2762,2.00097656250006,54,5.30143760293278,-0.288055702082607,-0.10471975511966,-0.280835319053602
noise95_pm0p1A,3,2.2762,2.00097656250006,55,5.39961237335746,-0.264153957363871,-0.10471975511966,-0.257632337500456
noise95_pm0p1A,3,2.2762,2.00097656250006,56,5.49778714378214,-0.234094905692757,-0.10266951720237,-0.229213712208644
noise95_pm0p1A,3,2.2762,2.00097656250006,57,5.59596191420682,-0.198033417583003,-0.0927491659394425,-0.197751316831481
noise95_pm0p1A,3,2.2762,2.00097656250006,58,5.6941366846315,-0.159104365554221,-0.0740654500185005,-0.161263216830106
noise95_pm0p1A,3,2.2762,2.00097656250006,59,5.79231145505618,-0.119906511443111,-0.055541085270389,-0.122499591109464
noise95_pm0p1A,3,2.2762,2.00097656250006,60,5.89048622548086,-0.0804915866088024,-0.0369690586219963,-0.082708616153086
noise95_pm0p1A,3,2.2762,2.00097656250006,61,5.98866099590554,-0.042365384134903,-0.0191665992175658,-0.0415538058835246
noise95_pm0p1A,3,2.2762,2.00097656250006,62,6.08683576633022,-0.00287482451482525,-0.000926086737153658,-0.00125425510135423
noise95_pm0p1A,3,2.2762,2.00097656250006,63,6.18501053675491,0.0370023563967322,0.0175694016095235,0.0389374892311693
noise95_pm0p1A,4,2.6278,2.50195312500003,0,0,0.0706217606174726,0.0403202407037855,0.0758696657944137
noise95_pm0p1A,4,2.6278,2.50195312500003,1,0.098174770424681,0.106319529233913,0.0599027974255767,0.110945394879258
noise95_pm0p1A,4,2.6278,2.50195312500003,2,0.196349540849362,0.13860461832067,0.0784875850201106,0.142618125010304
noise95_pm0p1A,4,2.6278,2.50195312500003,3,0.294524311274043,0.163362824921419,0.0932090311434821,0.169445709159238
noise95_pm0p1A,4,2.6278,2.50195312500003,4,0.392699081698724,0.1863738086042,0.107264918463657,0.191659540605051
noise95_pm0p1A,4,2.6278,2.50195312500003,5,0.490873852123405,0.204982069759132,0.117111000127466,0.209396359896922
noise95_pm0p1A,4,2.6278,2.50195312500003,6,0.589048622548086,0.216441067880775,0.122383594390934,0.2219106088964
noise95_pm0p1A,4,2.6278,2.50195312500003,7,0.687223392972767,0.226219107660236,0.125883665515006,0.229774728491228
noise95_pm0p1A,4,2.6278,2.50195312500003,8,0.785398163397448,0.22737539194186,0.126300302722547,0.232424246360601
noise95_pm0p1A,4,2.6278,2.50195312500003,9,0.883572933822129,0.224351365997102,0.124785293168331,0.230787125461994
noise95_pm0p1A,4,2.6278,2.50195312500003,10,0.98174770424681,0.217429496286825,0.121352354898399,0.225251131182646
noise95_pm0p1A,4,2.6278,2.50195312500003,11,1.07992247467149,0.208240439791731,0.116719364725868,0.216248325600934
noise95_pm0p1A,4,2.6278,2.50195312500003,12,1.17809724509617,0.196069639386865,0.11046385037287,0.204605494680599
noise95_pm0p1A,4,2.6278,2.50195312500003,13,1.27627201552085,0.179592631752879,0.100576306475396,0.190136570678017
noise95_pm0p1A,4,2.6278,2.50195312500003,14,1.37444678594553,0.164235038298628,0.0916291151821009,0.174372010204357
noise95_pm0p1A,4,2.6278,2.50195312500003,15,1.47262155637022,0.149756066404658,0.0830201873611143,0.159012590468882
noise95_pm0p1A,4,2.6278,2.50195312500003,16,1.5707963267949,0.133176156230911,0.0735977858053315,0.143289960438036
noise95_pm0p1A,4,2.6278,2.50195312500003,17,1.66897109721958,0.118935089201257,0.065562431345308,0.128403905123616
noise95_pm0p1A,4,2.6278,2.50195312500003,18,1.76714586764426,0.105252570367599,0.0580195080022107,0.115235391755108
noise95_pm0p1A,4,2.6278,2.50195312500003,19,1.86532063806894,0.0917395538169449,0.0504379966783768,0.103408868749712
noise95_pm0p1A,4,2.6278,2.50195312500003,20,1.96349540849362,0.0829139080935428,0.0454341016538954,0.0938663999552152
noise95_pm0p1A,4,2.6278,2.50195312500003,21,2.0616701789183,0.0767140431353621,0.0422655400894864,0.0865702532992128
noise95_pm0p1A,4,2.6278,2.50195312500003,22,2.15984494934298,0.072866935809224,0.0401902394108118,0.0817158904415944
noise95_pm0p1A,4,2.6278,2.50195312500003,23,2.25801971976766,0.0707137768437789,0.0390183451003212,0.0788273028315387
noise95_pm0p1A,4,2.6278,2.50195312500003,24,2.35619449019234,0.069030791873654,0.0380176680214977,0.0778516644230959
noise95_pm0p1A,4,2.6278,2.50195312500003,25,2.45436926061703,0.0699530170371286,0.0385481740770422,0.0782936609820709
noise95_pm0p1A,4,2.6278,2.50195312500003,26,2.55254403104171,0.0708599351773851,0.0389999523062592,0.0800875335644107
noise95_pm0p1A,4,2.6278,2.50195312500003,27,2.65071880146639,0.0740619767124359,0.040788419257481,0.0822997365537976
noise95_pm0p1A,4,2.6278,2.50195312500003,28,2.74889357189107,0.0752094715732085,0.0414897786977812,0.0841321005750652
noise95_pm0p1A,4,2.6278,2.50195312500003,29,2.84706834231575,0.076676726748414,0.0421511184626027,0.085133588019364
noise95_pm0p1A,4,2.6278,2.50195312500003,30,2.94524311274043,0.0753229281602789,0.0411431455928893,0.0847333299818973
noise95_pm0p1A,4,2.6278,2.50195312500003,31,3.04341788316511,0.0742696996689663,0.0405726129273404,0.0825350983122363
noise95_pm0p1A,4,2.6278,2.50195312500003,32,3.14159265358979,0.0704724103600561,0.0381510809120423,0.0780512693753549
noise95_pm0p1A,4,2.6278,2.50195312500003,33,3.23976742401447,0.0631228269987675,0.0343240607112668,0.0703312471496424
noise95_pm0p1A,4,2.6278,2.50195312500003,34,3.33794219443916,0.0507436777516885,0.0273935514387613,0.058665948633912
noise95_pm0p1A,4,2.6278,2.50195312500003,35,3.43611696486384,0.0366598866126479,0.0197065794961767,0.0439654856296086
noise95_pm0p1A,4,2.6278,2.50195312500003,36,3.53429173528852,0.0184611070092822,0.00958217079953812,0.0256847814379784
noise95_pm0p1A,4,2.6278,2.50195312500003,37,3.6324665057132,-0.00297098022814658,-0.00216896890811716,0.00394681590252977
noise95_pm0p1A,4,2.6278,2.50195312500003,38,3.73064127613788,-0.0237546588657882,-0.0129167765798925,-0.021047475678981
noise95_pm0p1A,4,2.6278,2.50195312500003,39,3.82881604656256,-0.0503081514981509,-0.027568690565742,-0.0497835776734566
noise95_pm0p1A,4,2.6278,2.50195312500003,40,3.92699081698724,-0.085324333959097,-0.0492204760320746,-0.0795483954044758
noise95_pm0p1A,4,2.6278,2.50195312500003,41,4.02516558741192,-0.115166170129211,-0.0664380570361774,-0.11177177523863
noise95_pm0p1A,4,2.6278,2.50195312500003,42,4.1233403578366,-0.147079756111942,-0.0845948370900761,-0.142990779529074
noise95_pm0p1A,4,2.6278,2.50195312500003,43,4.22151512826128,-0.180737327446146,-0.104165388551278,-0.17531410445035
noise95_pm0p1A,4,2.6278,2.50195312500003,44,4.31968989868597,-0.210208184821683,-0.119429251818988,-0.205869510786178
noise95_pm0p1A,4,2.6278,2.50195312500003,45,4.41786466911065,-0.240481332302551,-0.130797645588602,-0.234401056415332
noise95_pm0p1A,4,2.6278,2.50195312500003,46,4.51603943953533,-0.267156194333457,-0.137207042962419,-0.260802448609144
noise95_pm0p1A,4,2.6278,2.50195312500003,47,4.61421420996001,-0.287111444011247,-0.139626340159546,-0.282262850151409
noise95_pm0p1A,4,2.6278,2.50195312500003,48,4.71238898038469,-0.303938477463416,-0.139626340159546,-0.298928802119393
noise95_pm0p1A,4,2.6278,2.50195312500003,49,4.81056375080937,-0.316314606399696,-0.139626340159546,-0.310442309746037
noise95_pm0p1A,4,2.6278,2.50195312500003,50,4.90873852123405,-0.324417957261545,-0.139626340159546,-0.316332926291406
noise95_pm0p1A,4,2.6278,2.50195312500003,51,5.00691329165873,-0.323099869621935,-0.139626340159546,-0.316562177378035
noise95_pm0p1A,4,2.6278,2.50195312500003,52,5.10508806208341,-0.315565187901051,-0.139626340159546,-0.310254659434933
noise95_pm0p1A,4,2.6278,2.50195312500003,53,5.20326283250809,-0.304263855881462,-0.139626340159546,-0.298101485495759
noise95_pm0p1A,4,2.6278,2.50195312500003,54,5.30143760293278,-0.287032126178208,-0.139626340159546,-0.280835319053602
noise95_pm0p1A,4,2.6278,2.50195312500003,55,5.39961237335746,-0.263723396796783,-0.136520483455084,-0.257632337500456
noise95_pm0p1A,4,2.6278,2.50195312500003,56,5.49778714378214,-0.235570475433295,-0.129249708848555,-0.229213712208644
noise95_pm0p1A,4,2.6278,2.50195312500003,57,5.59596191420682,-0.202547342546446,-0.114708801260843,-0.197751316831481
noise95_pm0p1A,4,2.6278,2.50195312500003,58,5.6941366846315,-0.166370030816107,-0.0925263661780218,-0.161263216830106
noise95_pm0p1A,4,2.6278,2.50195312500003,59,5.79231145505618,-0.125666513109123,-0.0695661708381359,-0.122499591109464
noise95_pm0p1A,4,2.6278,2.50195312500003,60,5.89048622548086,-0.0861179952240234,-0.0467988459424017,-0.082708616153086
noise95_pm0p1A,4,2.6278,2.50195312500003,61,5.98866099590554,-0.0459074386760324,-0.0245147671092591,-0.0415538058835246
noise95_pm0p1A,4,2.6278,2.50195312500003,62,6.08683576633022,-0.00623035401768134,-0.00198694019325919,-0.00125425510135423
noise95_pm0p1A,4,2.6278,2.50195312500003,63,6.18501053675491,0.0340164100300896,0.0208588032936367,0.0389374892311693
noise95_pm0p1A,5,2.9129,3.00292968749996,0,0,0.0706217606174726,0.0463805446865229,0.0758696657944137
noise95_pm0p1A,5,2.9129,3.00292968749996,1,0.098174770424681,0.106319529233913,0.0691861437872439,0.110945394879258
noise95_pm0p1A,5,2.9129,3.00292968749996,2,0.196349540849362,0.13860461832067,0.0905109916802225,0.142618125010304
noise95_pm0p1A,5,2.9129,3.00292968749996,3,0.294524311274043,0.163362824921419,0.10723978989907,0.169445709159238
noise95_pm0p1A,5,2.9129,3.00292968749996,4,0.392699081698724,0.1863738086042,0.123086696491766,0.191659540605051
noise95_pm0p1A,5,2.9129,3.00292968749996,5,0.490873852123405,0.204982069759132,0.134685214053799,0.209396359896922
noise95_pm0p1A,5,2.9129,3.00292968749996,6,0.589048622548086,0.216441067880775,0.141195089088902,0.2219106088964
noise95_pm0p1A,5,2.9129,3.00292968749996,7,0.687223392972767,0.225289006726987,0.145764733757402,0.229774728491228
noise95_pm0p1A,5,2.9129,3.00292968749996,8,0.785398163397448,0.227944466953652,0.146629135568768,0.232424246360601
noise95_pm0p1A,5,2.9129,3.00292968749996,9,0.883572933822129,0.225971281379155,0.145022490810496,0.230787125461994
noise95_pm0p1A,5,2.9129,3.00292968749996,10,0.98174770424681,0.219693007532535,0.141020485425226,0.225251131182646
noise95_pm0p1A,5,2.9129,3.00292968749996,11,1.07992247467149,0.211543475989577,0.13568418697861,0.216248325600934
noise95_pm0p1A,5,2.9129,3.00292968749996,12,1.17809724509617,0.200428692057826,0.128456818709861,0.204605494680599
noise95_pm0p1A,5,2.9129,3.00292968749996,13,1.27627201552085,0.184609233780986,0.117382891936514,0.190136570678017
noise95_pm0p1A,5,2.9129,3.00292968749996,14,1.37444678594553,0.16865175031841,0.107033642209363,0.174372010204357
noise95_pm0p1A,5,2.9129,3.00292968749996,15,1.47262155637022,0.153085233262536,0.0970331965413986,0.159012590468882
noise95_pm0p1A,5,2.9129,3.00292968749996,16,1.5707963267949,0.136951790448017,0.0862685867338687,0.143289960438036
noise95_pm0p1A,5,2.9129,3.00292968749996,17,1.66897109721958,0.121830245350629,0.0768159941463721,0.128403905123616
noise95_pm0p1A,5,2.9129,3.00292968749996,18,1.76714586764426,0.108594704763386,0.0681345473544458,0.115235391755108
noise95_pm0p1A,5,2.9129,3.00292968749996,19,1.86532063806894,0.0962175657190081,0.0595939104865031,0.103408868749712
noise95_pm0p1A,5,2.9129,3.00292968749996,20,1.96349540849362,0.0878399535758223,0.0539152720382808,0.0938663999552152
noise95_pm0p1A,5,2.9129,3.00292968749996,21,2.0616701789183,0.0798766303128488,0.0497877581341589,0.0865702532992128
noise95_pm0p1A,5,2.9129,3.00292968749996,22,2.15984494934298,0.0747583729252725,0.0471038661137039,0.0817158904415944
noise95_pm0p1A,5,2.9129,3.00292968749996,23,2.25801971976766,0.0725158218923891,0.0457178404587348,0.0788273028315387
noise95_pm0p1A,5,2.9129,3.00292968749996,24,2.35619449019234,0.0718568728393078,0.0447855089850597,0.0778516644230959
noise95_pm0p1A,5,2.9129,3.00292968749996,25,2.45436926061703,0.0720164584859957,0.0452418309588329,0.0782936609820709
noise95_pm0p1A,5,2.9129,3.00292968749996,26,2.55254403104171,0.0739021236528456,0.0459803865755765,0.0800875335644107
noise95_pm0p1A,5,2.9129,3.00292968749996,27,2.65071880146639,0.0764047502588195,0.0479116854577487,0.0822997365537976
noise95_pm0p1A,5,2.9129,3.00292968749996,28,2.74889357189107,0.0780419031682636,0.0488002035918777,0.0841321005750652
noise95_pm0p1A,5,2.9129,3.00292968749996,29,2.84706834231575,0.0798266467273342,0.049686224115549,0.085133588019364
noise95_pm0p1A,5,2.9129,3.00292968749996,30,2.94524311274043,0.0798037544325296,0.0488752673608174,0.0847333299818973
noise95_pm0p1A,5,2.9129,3.00292968749996,31,3.04341788316511,0.0784324978183194,0.0481445899055362,0.0825350983122363
noise95_pm0p1A,5,2.9129,3.00292968749996,32,3.14159265358979,0.0743511503191134,0.0453910947934565,0.0780512693753549
noise95_pm0p1A,5,2.9129,3.00292968749996,33,3.23976742401447,0.0653544465428813,0.0405301378775897,0.0703312471496424
noise95_pm0p1A,5,2.9129,3.00292968749996,34,3.33794219443916,0.0535017563750003,0.0326151924260091,0.058665948633912
noise95_pm0p1A,5,2.9129,3.00292968749996,35,3.43611696486384,0.0384772172963075,0.0234607070562029,0.0439654856296086
noise95_pm0p1A,5,2.9129,3.00292968749996,36,3.53429173528852,0.0203857452574003,0.0117428856911106,0.0256847814379784
noise95_pm0p1A,5,2.9129,3.00292968749996,37,3.6324665057132,-0.00262811580438491,-0.00226079828737071,0.00394681590252977
noise95_pm0p1A,5,2.9129,3.00292968749996,38,3.73064127613788,-0.0247861194406587,-0.0152906451520457,-0.021047475678981
noise95_pm0p1A,5,2.9129,3.00292968749996,39,3.82881604656256,-0.0520235193625932,-0.0324596563251123,-0.0497835776734566
noise95_pm0p1A,5,2.9129,3.00292968749996,40,3.92699081698724,-0.0851793764131628,-0.0564122561082922,-0.0795483954044758
noise95_pm0p1A,5,2.9129,3.00292968749996,41,4.02516558741192,-0.115166170129211,-0.0761836796547841,-0.11177177523863
noise95_pm0p1A,5,2.9129,3.00292968749996,42,4.1233403578366,-0.147079756111942,-0.0970918208944492,-0.142990779529074
noise95_pm0p1A,5,2.9129,3.00292968749996,43,4.22151512826128,-0.180737327446146,-0.119479776330252,-0.17531410445035
noise95_pm0p1A,5,2.9129,3.00292968749996,44,4.31968989868597,-0.210208184821683,-0.137585038419527,-0.205869510786178
noise95_pm0p1A,5,2.9129,3.00292968749996,45,4.41786466911065,-0.240481332302551,-0.152734382931392,-0.234401056415332
noise95_pm0p1A,5,2.9129,3.00292968749996,46,4.51603943953533,-0.267156194333457,-0.163196873236627,-0.260802448609144
noise95_pm0p1A,5,2.9129,3.00292968749996,47,4.61421420996001,-0.287111444011247,-0.169123360929887,-0.282262850151409
noise95_pm0p1A,5,2.9129,3.00292968749996,48,4.71238898038469,-0.303938477463416,-0.17248876762032,-0.298928802119393
noise95_pm0p1A,5,2.9129,3.00292968749996,49,4.81056375080937,-0.316314606399696,-0.174532925199433,-0.310442309746037
noise95_pm0p1A,5,2.9129,3.00292968749996,50,4.90873852123405,-0.324417957261545,-0.174532925199433,-0.316332926291406
noise95_pm0p1A,5,2.9129,3.00292968749996,51,5.00691329165873,-0.323099869621935,-0.174532925199433,-0.316562177378035
noise95_pm0p1A,5,2.9129,3.00292968749996,52,5.10508806208341,-0.315565187901051,-0.174532925199433,-0.310254659434933
noise95_pm0p1A,5,2.9129,3.00292968749996,53,5.20326283250809,-0.304263855881462,-0.172553843303929,-0.298101485495759
noise95_pm0p1A,5,2.9129,3.00292968749996,54,5.30143760293278,-0.287032126178208,-0.169107497363279,-0.280835319053602
noise95_pm0p1A,5,2.9129,3.00292968749996,55,5.39961237335746,-0.263723396796783,-0.161961066123424,-0.257632337500456
noise95_pm0p1A,5,2.9129,3.00292968749996,56,5.49778714378214,-0.235570475433295,-0.150513862165503,-0.229213712208644
noise95_pm0p1A,5,2.9129,3.00292968749996,57,5.59596191420682,-0.202547342546446,-0.132276509517964,-0.197751316831481
noise95_pm0p1A,5,2.9129,3.00292968749996,58,5.6941366846315,-0.166370030816107,-0.107295099105639,-0.161263216830106
noise95_pm0p1A,5,2.9129,3.00292968749996,59,5.79231145505618,-0.125666513109123,-0.0807862392923334,-0.122499591109464
noise95_pm0p1A,5,2.9129,3.00292968749996,60,5.89048622548086,-0.0861179952240234,-0.0546626757987261,-0.082708616153086
noise95_pm0p1A,5,2.9129,3.00292968749996,61,5.98866099590554,-0.0459074386760324,-0.0287933014226138,-0.0415538058835246
noise95_pm0p1A,5,2.9129,3.00292968749996,62,6.08683576633022,-0.00623035401768134,-0.00283562295814362,-0.00125425510135423
noise95_pm0p1A,5,2.9129,3.00292968749996,63,6.18501053675491,0.0340164100300896,0.0234903246409273,0.0389374892311693
noise95_pm0p1A,6,3.26415,3.50390624999993,0,0,0.0709567461823128,0.0512957849856809,0.0758696657944137
noise95_pm0p1A,6,3.26415,3.50390624999993,1,0.098174770424681,0.107518885021052,0.0768526920340056,0.110945394879258
noise95_pm0p1A,6,3.26415,3.50390624999993,2,0.196349540849362,0.138510071440183,0.100110807632215,0.142618125010304
noise95_pm0p1A,6,3.26415,3.50390624999993,3,0.294524311274043,0.164025173276498,0.118596866574555,0.169445709159238
noise95_pm0p1A,6,3.26415,3.50390624999993,4,0.392699081698724,0.187114758888584,0.135892308971129,0.191659540605051
noise95_pm0p1A,6,3.26415,3.50390624999993,5,0.490873852123405,0.205250524577844,0.148798276158608,0.209396359896922
noise95_pm0p1A,6,3.26415,3.50390624999993,6,0.589048622548086,0.217547163651464,0.156465504001415,0.2219106088964
noise95_pm0p1A,6,3.26415,3.50390624999993,7,0.687223392972767,0.225604657621302,0.161732718530182,0.229774728491228
noise95_pm0p1A,6,3.26415,3.50390624999993,8,0.785398163397448,0.227887579663587,0.162880824387732,0.232424246360601
noise95_pm0p1A,6,3.26415,3.50390624999993,9,0.883572933822129,0.225971281379155,0.161212248924228,0.230787125461994
noise95_pm0p1A,6,3.26415,3.50390624999993,10,0.98174770424681,0.219693007532535,0.156754989846688,0.225251131182646
noise95_pm0p1A,6,3.26415,3.50390624999993,11,1.07992247467149,0.211543475989577,0.150856044780803,0.216248325600934
noise95_pm0p1A,6,3.26415,3.50390624999993,12,1.17809724509617,0.200428692057826,0.142851193379454,0.204605494680599
noise95_pm0p1A,6,3.26415,3.50390624999993,13,1.27627201552085,0.184609233780986,0.130828160305409,0.190136570678017
noise95_pm0p1A,6,3.26415,3.50390624999993,14,1.37444678594553,0.16865175031841,0.119357263831172,0.174372010204357
noise95_pm0p1A,6,3.26415,3.50390624999993,15,1.47262155637022,0.153085233262536,0.108243603885626,0.159012590468882
noise95_pm0p1A,6,3.26415,3.50390624999993,16,1.5707963267949,0.136951790448017,0.0964052274766984,0.143289960438036
noise95_pm0p1A,6,3.26415,3.50390624999993,17,1.66897109721958,0.121830245350629,0.0858188443872234,0.128403905123616
noise95_pm0p1A,6,3.26415,3.50390624999993,18,1.76714586764426,0.108594704763386,0.0762265788362338,0.115235391755108
noise95_pm0p1A,6,3.26415,3.50390624999993,19,1.86532063806894,0.0962175657190081,0.0669186415330041,0.103408868749712
noise95_pm0p1A,6,3.26415,3.50390624999993,20,1.96349540849362,0.0878399535758223,0.0607002083457891,0.0938663999552152
noise95_pm0p1A,6,3.26415,3.50390624999993,21,2.0616701789183,0.0798766303128488,0.0558055325698969,0.0865702532992128
noise95_pm0p1A,6,3.26415,3.50390624999993,22,2.15984494934298,0.0747583729252725,0.0526347674760176,0.0817158904415944
noise95_pm0p1A,6,3.26415,3.50390624999993,23,2.25801971976766,0.0725158218923891,0.0510774367454657,0.0788273028315387
noise95_pm0p1A,6,3.26415,3.50390624999993,24,2.35619449019234,0.0718568728393078,0.0501997817559093,0.0778516644230959
noise95_pm0p1A,6,3.26415,3.50390624999993,25,2.45436926061703,0.0720164584859957,0.0505967564642655,0.0782936609820709
noise95_pm0p1A,6,3.26415,3.50390624999993,26,2.55254403104171,0.0739021236528456,0.0515647339910303,0.0800875335644107
noise95_pm0p1A,6,3.26415,3.50390624999993,27,2.65071880146639,0.0764047502588195,0.0536102984179628,0.0822997365537976
noise95_pm0p1A,6,3.26415,3.50390624999993,28,2.74889357189107,0.0780419031682636,0.0546485435071548,0.0841321005750652
noise95_pm0p1A,6,3.26415,3.50390624999993,29,2.84706834231575,0.0798266467273342,0.055714308637906,0.085133588019364
noise95_pm0p1A,6,3.26415,3.50390624999993,30,2.94524311274043,0.0798037544325296,0.0550609647751598,0.0847333299818973
noise95_pm0p1A,6,3.26415,3.50390624999993,31,3.04341788316511,0.0784324978183194,0.0542021714880928,0.0825350983122363
noise95_pm0p1A,6,3.26415,3.50390624999993,32,3.14159265358979,0.0743511503191134,0.0511831058985879,0.0780512693753549
noise95_pm0p1A,6,3.26415,3.50390624999993,33,3.23976742401447,0.0653544465428813,0.045494999610648,0.0703312471496424
noise95_pm0p1A,6,3.26415,3.50390624999993,34,3.33794219443916,0.0535017563750003,0.0367925052158074,0.058665948633912
noise95_pm0p1A,6,3.26415,3.50390624999993,35,3.43611696486384,0.0384772172963075,0.0264640091042238,0.0439654856296086
noise95_pm0p1A,6,3.26415,3.50390624999993,36,3.53429173528852,0.0203857452574003,0.0134714576043685,0.0256847814379784
noise95_pm0p1A,6,3.26415,3.50390624999993,37,3.6324665057132,-0.00262811580438491,-0.00233426179077355,0.00394681590252977
noise95_pm0p1A,6,3.26415,3.50390624999993,38,3.73064127613788,-0.0247861194406587,-0.0171897400097683,-0.021047475678981
noise95_pm0p1A,6,3.26415,3.50390624999993,39,3.82881604656256,-0.0530269565397322,-0.0365731163680363,-0.0497835776734566
noise95_pm0p1A,6,3.26415,3.50390624999993,40,3.92699081698724,-0.0852074505233721,-0.0621712949913082,-0.0795483954044758
noise95_pm0p1A,6,3.26415,3.50390624999993,41,4.02516558741192,-0.115631092238817,-0.0840731621715907,-0.11177177523863
noise95_pm0p1A,6,3.26415,3.50390624999993,42,4.1233403578366,-0.147179755892265,-0.107109407894012,-0.142990779529074
noise95_pm0p1A,6,3.26415,3.50390624999993,43,4.22151512826128,-0.179041177171956,-0.131392056498593,-0.17531410445035
noise95_pm0p1A,6,3.26415,3.50390624999993,44,4.31968989868597,-0.20988435737791,-0.152044902211204,-0.205869510786178
noise95_pm0p1A,6,3.26415,3.50390624999993,45,4.41786466911065,-0.239092240195623,-0.170005954384238,-0.234401056415332
noise95_pm0p1A,6,3.26415,3.50390624999993,46,4.51603943953533,-0.267085914650084,-0.183974681519318,-0.260802448609144
noise95_pm0p1A,6,3.26415,3.50390624999993,47,4.61421420996001,-0.288153008951317,-0.192929290534173,-0.282262850151409
noise95_pm0p1A,6,3.26415,3.50390624999993,48,4.71238898038469,-0.303166700401605,-0.198624354176577,-0.298928802119393
noise95_pm0p1A,6,3.26415,3.50390624999993,49,4.81056375080937,-0.316311931272801,-0.202888726414107,-0.310442309746037
noise95_pm0p1A,6,3.26415,3.50390624999993,50,4.90873852123405,-0.323789443735469,-0.20438422890664,-0.316332926291406
noise95_pm0p1A,6,3.26415,3.50390624999993,51,5.00691329165873,-0.323103521449126,-0.204247044449372,-0.316562177378035
noise95_pm0p1A,6,3.26415,3.50390624999993,52,5.10508806208341,-0.314218852132908,-0.202470110586128,-0.310254659434933
noise95_pm0p1A,6,3.26415,3.50390624999993,53,5.20326283250809,-0.303595584569821,-0.198762191557108,-0.298101485495759
noise95_pm0p1A,6,3.26415,3.50390624999993,54,5.30143760293278,-0.287298243408177,-0.192745646572258,-0.280835319053602
noise95_pm0p1A,6,3.26415,3.50390624999993,55,5.39961237335746,-0.264809348392361,-0.182530722577212,-0.257632337500456
noise95_pm0p1A,6,3.26415,3.50390624999993,56,5.49778714378214,-0.234876208841747,-0.167386331500752,-0.229213712208644
noise95_pm0p1A,6,3.26415,3.50390624999993,57,5.59596191420682,-0.203540422277507,-0.146529292069872,-0.197751316831481
noise95_pm0p1A,6,3.26415,3.50390624999993,58,5.6941366846315,-0.166695975691252,-0.119175274422761,-0.161263216830106
noise95_pm0p1A,6,3.26415,3.50390624999993,59,5.79231145505618,-0.128238113391526,-0.0902766141121719,-0.122499591109464
noise95_pm0p1A,6,3.26415,3.50390624999993,60,5.89048622548086,-0.0874723110626359,-0.061224602851508,-0.082708616153086
noise95_pm0p1A,6,3.26415,3.50390624999993,61,5.98866099590554,-0.0447516561178672,-0.0319849723616645,-0.0415538058835246
noise95_pm0p1A,6,3.26415,3.50390624999993,62,6.08683576633022,-0.00476118900891977,-0.00322073616829885,-0.00125425510135423
noise95_pm0p1A,6,3.26415,3.50390624999993,63,6.18501053675491,0.0334114348908948,0.0254745466909208,0.0389374892311693
noise95_pm0p1A,7,3.54795,4.0039062500001,0,0,0.0709567461823128,0.0552279772250072,0.0758696657944137
noise95_pm0p1A,7,3.54795,4.0039062500001,1,0.098174770424681,0.107518885021052,0.082985930631415,0.110945394879258
noise95_pm0p1A,7,3.54795,4.0039062500001,2,0.196349540849362,0.138510071440183,0.107790660393808,0.142618125010304
noise95_pm0p1A,7,3.54795,4.0039062500001,3,0.294524311274043,0.164025173276498,0.127682527914944,0.169445709159238
noise95_pm0p1A,7,3.54795,4.0039062500001,4,0.392699081698724,0.187114758888584,0.14613679895462,0.191659540605051
noise95_pm0p1A,7,3.54795,4.0039062500001,5,0.490873852123405,0.205250524577844,0.160088725842455,0.209396359896922
noise95_pm0p1A,7,3.54795,4.0039062500001,6,0.589048622548086,0.217547163651464,0.168681835931424,0.2219106088964
noise95_pm0p1A,7,3.54795,4.0039062500001,7,0.687223392972767,0.225270068467753,0.174440188517696,0.229774728491228
noise95_pm0p1A,7,3.54795,4.0039062500001,8,0.785398163397448,0.227667514005956,0.175838162311377,0.232424246360601
noise95_pm0p1A,7,3.54795,4.0039062500001,9,0.883572933822129,0.226616500365106,0.174293099212403,0.230787125461994
noise95_pm0p1A,7,3.54795,4.0039062500001,10,0.98174770424681,0.2197708202494,0.16935815592723,0.225251131182646
noise95_pm0p1A,7,3.54795,4.0039062500001,11,1.07992247467149,0.211705064662808,0.163025848757204,0.216248325600934
noise95_pm0p1A,7,3.54795,4.0039062500001,12,1.17809724509617,0.201329681952361,0.154546891094035,0.204605494680599
noise95_pm0p1A,7,3.54795,4.0039062500001,13,1.27627201552085,0.185131415067434,0.141688811257814,0.190136570678017
noise95_pm0p1A,7,3.54795,4.0039062500001,14,1.37444678594553,0.170405354451338,0.129566881955205,0.174372010204357
noise95_pm0p1A,7,3.54795,4.0039062500001,15,1.47262155637022,0.154625554733828,0.117519994055266,0.159012590468882
noise95_pm0p1A,7,3.54795,4.0039062500001,16,1.5707963267949,0.137772865071167,0.104678754995592,0.143289960438036
noise95_pm0p1A,7,3.54795,4.0039062500001,17,1.66897109721958,0.124428702421252,0.0935408159940292,0.128403905123616
noise95_pm0p1A,7,3.54795,4.0039062500001,18,1.76714586764426,0.110986854237059,0.0831786339163989,0.115235391755108
noise95_pm0p1A,7,3.54795,4.0039062500001,19,1.86532063806894,0.0974805500107054,0.0730310232285443,0.103408868749712
noise95_pm0p1A,7,3.54795,4.0039062500001,20,1.96349540849362,0.0880999374658629,0.0661801541698039,0.0938663999552152
noise95_pm0p1A,7,3.54795,4.0039062500001,21,2.0616701789183,0.0804227176097283,0.0607289695778631,0.0865702532992128
noise95_pm0p1A,7,3.54795,4.0039062500001,22,2.15984494934298,0.076226052325536,0.0573530244459213,0.0817158904415944
noise95_pm0p1A,7,3.54795,4.0039062500001,23,2.25801971976766,0.0725392120989748,0.0553697918161675,0.0788273028315387
noise95_pm0p1A,7,3.54795,4.0039062500001,24,2.35619449019234,0.072387312277493,0.054637287860226,0.0778516644230959
noise95_pm0p1A,7,3.54795,4.0039062500001,25,2.45436926061703,0.0723799289736476,0.0549533909661419,0.0782936609820709
noise95_pm0p1A,7,3.54795,4.0039062500001,26,2.55254403104171,0.0748435796906198,0.0562205031309482,0.0800875335644107
noise95_pm0p1A,7,3.54795,4.0039062500001,27,2.65071880146639,0.0766606034200171,0.0582203594183737,0.0822997365537976
noise95_pm0p1A,7,3.54795,4.0039062500001,28,2.74889357189107,0.0788665741313142,0.0594921496319867,0.0841321005750652
noise95_pm0p1A,7,3.54795,4.0039062500001,29,2.84706834231575,0.0804162913625729,0.0606547051828394,0.085133588019364
noise95_pm0p1A,7,3.54795,4.0039062500001,30,2.94524311274043,0.0801400455311899,0.0600767809263658,0.0847333299818973
noise95_pm0p1A,7,3.54795,4.0039062500001,31,3.04341788316511,0.0781862177175251,0.0589989807339793,0.0825350983122363
noise95_pm0p1A,7,3.54795,4.0039062500001,32,3.14159265358979,0.0744721527283496,0.0558409152645402,0.0780512693753549
noise95_pm0p1A,7,3.54795,4.0039062500001,33,3.23976742401447,0.0658632055751387,0.0495686408035461,0.0703312471496424
noise95_pm0p1A,7,3.54795,4.0039062500001,34,3.33794219443916,0.0542059663818045,0.0402751974490068,0.058665948633912
noise95_pm0p1A,7,3.54795,4.0039062500001,35,3.43611696486384,0.0393727120943143,0.0290457497022419,0.0439654856296086
noise95_pm0p1A,7,3.54795,4.0039062500001,36,3.53429173528852,0.0213222849502683,0.0150416230735485,0.0256847814379784
noise95_pm0p1A,7,3.54795,4.0039062500001,37,3.6324665057132,-0.00151769485130349,-0.00217094840287954,0.00394681590252977
noise95_pm0p1A,7,3.54795,4.0039062500001,38,3.73064127613788,-0.0259982354210286,-0.0189514390920204,-0.021047475678981
noise95_pm0p1A,7,3.54795,4.0039062500001,39,3.82881604656256,-0.0532422842383849,-0.039906949942106,-0.0497835776734566
noise95_pm0p1A,7,3.54795,4.0039062500001,40,3.92699081698724,-0.0848323541201679,-0.0667035068170801,-0.0795483954044758
noise95_pm0p1A,7,3.54795,4.0039062500001,41,4.02516558741192,-0.115631092238817,-0.0903847481850361,-0.11177177523863
noise95_pm0p1A,7,3.54795,4.0039062500001,42,4.1233403578366,-0.147179755892265,-0.115123477493663,-0.142990779529074
noise95_pm0p1A,7,3.54795,4.0039062500001,43,4.22151512826128,-0.179041177171956,-0.140921880633265,-0.17531410445035
noise95_pm0p1A,7,3.54795,4.0039062500001,44,4.31968989868597,-0.20988435737791,-0.163612793244545,-0.205869510786178
noise95_pm0p1A,7,3.54795,4.0039062500001,45,4.41786466911065,-0.239092240195623,-0.183823211546515,-0.234401056415332
noise95_pm0p1A,7,3.54795,4.0039062500001,46,4.51603943953533,-0.267085914650084,-0.200596928145472,-0.260802448609144
noise95_pm0p1A,7,3.54795,4.0039062500001,47,4.61421420996001,-0.288153008951317,-0.211974034217601,-0.282262850151409
noise95_pm0p1A,7,3.54795,4.0039062500001,48,4.71238898038469,-0.303166700401605,-0.219532823421583,-0.298928802119393
noise95_pm0p1A,7,3.54795,4.0039062500001,49,4.81056375080937,-0.316311931272801,-0.225573367385845,-0.310442309746037
noise95_pm0p1A,7,3.54795,4.0039062500001,50,4.90873852123405,-0.323789443735469,-0.228265271872406,-0.316332926291406
noise95_pm0p1A,7,3.54795,4.0039062500001,51,5.00691329165873,-0.323103521449126,-0.228018339849322,-0.316562177378035
noise95_pm0p1A,7,3.54795,4.0039062500001,52,5.10508806208341,-0.314218852132908,-0.224819858895484,-0.310254659434933
noise95_pm0p1A,7,3.54795,4.0039062500001,53,5.20326283250809,-0.303595584569821,-0.21972887015965,-0.298101485495759
noise95_pm0p1A,7,3.54795,4.0039062500001,54,5.30143760293278,-0.287298243408177,-0.211656165939442,-0.280835319053602
noise95_pm0p1A,7,3.54795,4.0039062500001,55,5.39961237335746,-0.264809348392361,-0.198986447740241,-0.257632337500456
noise95_pm0p1A,7,3.54795,4.0039062500001,56,5.49778714378214,-0.234876208841747,-0.180884306968951,-0.229213712208644
noise95_pm0p1A,7,3.54795,4.0039062500001,57,5.59596191420682,-0.203540422277507,-0.157931518111399,-0.197751316831481
noise95_pm0p1A,7,3.54795,4.0039062500001,58,5.6941366846315,-0.166695975691252,-0.128679414676459,-0.161263216830106
noise95_pm0p1A,7,3.54795,4.0039062500001,59,5.79231145505618,-0.128238113391526,-0.0978689139680427,-0.122499591109464
noise95_pm0p1A,7,3.54795,4.0039062500001,60,5.89048622548086,-0.0874723110626359,-0.0664741444937336,-0.082708616153086
noise95_pm0p1A,7,3.54795,4.0039062500001,61,5.98866099590554,-0.0447516561178672,-0.034538309112905,-0.0415538058835246
noise95_pm0p1A,7,3.54795,4.0039062500001,62,6.08683576633022,-0.00476118900891977,-0.00352882673642304,-0.00125425510135423
noise95_pm0p1A,7,3.54795,4.0039062500001,63,6.18501053675491,0.0334114348908948,0.0270619243309156,0.0389374892311693
noise95_pm0p1A,8,3.89825,4.50390625000032,0,0,0.0713150442864185,0.0584453906372895,0.0758696657944137
noise95_pm0p1A,8,3.89825,4.50390625000032,1,0.098174770424681,0.106331376352326,0.0876550197755972,0.110945394879258
noise95_pm0p1A,8,3.89825,4.50390625000032,2,0.196349540849362,0.137146515352006,0.113661831385448,0.142618125010304
noise95_pm0p1A,8,3.89825,4.50390625000032,3,0.294524311274043,0.164710265014471,0.135088075334849,0.169445709159238
noise95_pm0p1A,8,3.89825,4.50390625000032,4,0.392699081698724,0.187727077365974,0.154454854636891,0.191659540605051
noise95_pm0p1A,8,3.89825,4.50390625000032,5,0.490873852123405,0.205929697007557,0.169256920075476,0.209396359896922
noise95_pm0p1A,8,3.89825,4.50390625000032,6,0.589048622548086,0.21636226773837,0.178217922292814,0.2219106088964
noise95_pm0p1A,8,3.89825,4.50390625000032,7,0.687223392972767,0.226454735182931,0.184843097850743,0.229774728491228
noise95_pm0p1A,8,3.89825,4.50390625000032,8,0.785398163397448,0.228425772553435,0.186355684359788,0.232424246360601
noise95_pm0p1A,8,3.89825,4.50390625000032,9,0.883572933822129,0.226616500365106,0.184757779442944,0.230787125461994
noise95_pm0p1A,8,3.89825,4.50390625000032,10,0.98174770424681,0.2197708202494,0.179440688791664,0.225251131182646
noise95_pm0p1A,8,3.89825,4.50390625000032,11,1.07992247467149,0.211705064662808,0.172761691938325,0.216248325600934
noise95_pm0p1A,8,3.89825,4.50390625000032,12,1.17809724509617,0.201329681952361,0.163903449265701,0.204605494680599
noise95_pm0p1A,8,3.89825,4.50390625000032,13,1.27627201552085,0.185131415067434,0.150377332019738,0.190136570678017
noise95_pm0p1A,8,3.89825,4.50390625000032,14,1.37444678594553,0.170405354451338,0.137734576454432,0.174372010204357
noise95_pm0p1A,8,3.89825,4.50390625000032,15,1.47262155637022,0.154625554733828,0.124941106190979,0.159012590468882
noise95_pm0p1A,8,3.89825,4.50390625000032,16,1.5707963267949,0.137772865071167,0.111297577010707,0.143289960438036
noise95_pm0p1A,8,3.89825,4.50390625000032,17,1.66897109721958,0.124428702421252,0.0997183932794738,0.128403905123616
noise95_pm0p1A,8,3.89825,4.50390625000032,18,1.76714586764426,0.110986854237059,0.088740277980531,0.115235391755108
noise95_pm0p1A,8,3.89825,4.50390625000032,19,1.86532063806894,0.0974805500107054,0.0779209285849765,0.103408868749712
noise95_pm0p1A,8,3.89825,4.50390625000032,20,1.96349540849362,0.0880999374658629,0.0705641108290157,0.0938663999552152
noise95_pm0p1A,8,3.89825,4.50390625000032,21,2.0616701789183,0.0804227176097283,0.0646677191842362,0.0865702532992128
noise95_pm0p1A,8,3.89825,4.50390625000032,22,2.15984494934298,0.076226052325536,0.0611276300218442,0.0817158904415944
noise95_pm0p1A,8,3.89825,4.50390625000032,23,2.25801971976766,0.0725392120989748,0.0588036758727289,0.0788273028315387
noise95_pm0p1A,8,3.89825,4.50390625000032,24,2.35619449019234,0.072387312277493,0.0581872927436794,0.0778516644230959
noise95_pm0p1A,8,3.89825,4.50390625000032,25,2.45436926061703,0.0723799289736476,0.058438698567643,0.0782936609820709
noise95_pm0p1A,8,3.89825,4.50390625000032,26,2.55254403104171,0.0748435796906198,0.0599451184428825,0.0800875335644107
noise95_pm0p1A,8,3.89825,4.50390625000032,27,2.65071880146639,0.0766606034200171,0.0619084082187024,0.0822997365537976
noise95_pm0p1A,8,3.89825,4.50390625000032,28,2.74889357189107,0.0788665741313142,0.0633670345318522,0.0841321005750652
noise95_pm0p1A,8,3.89825,4.50390625000032,29,2.84706834231575,0.0804162913625729,0.0646070224187861,0.085133588019364
noise95_pm0p1A,8,3.89825,4.50390625000032,30,2.94524311274043,0.0801400455311899,0.0640894338473306,0.0847333299818973
noise95_pm0p1A,8,3.89825,4.50390625000032,31,3.04341788316511,0.0781862177175251,0.0628364281306884,0.0825350983122363
noise95_pm0p1A,8,3.89825,4.50390625000032,32,3.14159265358979,0.0744721527283496,0.0595671627573021,0.0780512693753549
noise95_pm0p1A,8,3.89825,4.50390625000032,33,3.23976742401447,0.0658632055751387,0.0528275537578647,0.0703312471496424
noise95_pm0p1A,8,3.89825,4.50390625000032,34,3.33794219443916,0.0542059663818045,0.0430613512355663,0.058665948633912
noise95_pm0p1A,8,3.89825,4.50390625000032,35,3.43611696486384,0.0393727120943143,0.0311111421806564,0.0439654856296086
noise95_pm0p1A,8,3.89825,4.50390625000032,36,3.53429173528852,0.0213222849502683,0.0162977554488924,0.0256847814379784
noise95_pm0p1A,8,3.89825,4.50390625000032,37,3.6324665057132,-0.00151769485130349,-0.00204029769256433,0.00394681590252977
noise95_pm0p1A,8,3.89825,4.50390625000032,38,3.73064127613788,-0.0259982354210286,-0.020360798357822,-0.021047475678981
noise95_pm0p1A,8,3.89825,4.50390625000032,39,3.82881604656256,-0.0529653039417913,-0.042518620742043,-0.0497835776734566
noise95_pm0p1A,8,3.89825,4.50390625000032,40,3.92699081698724,-0.083737509234049,-0.0701103073004739,-0.0795483954044758
noise95_pm0p1A,8,3.89825,4.50390625000032,41,4.02516558741192,-0.114799541582257,-0.0952677068644801,-0.11177177523863
noise95_pm0p1A,8,3.89825,4.50390625000032,42,4.1233403578366,-0.147340018166493,-0.121566785628229,-0.142990779529074
noise95_pm0p1A,8,3.89825,4.50390625000032,43,4.22151512826128,-0.179947200275072,-0.148726944561627,-0.17531410445035
noise95_pm0p1A,8,3.89825,4.50390625000032,44,4.31968989868597,-0.21055369006653,-0.173000972608942,-0.205869510786178
noise95_pm0p1A,8,3.89825,4.50390625000032,45,4.41786466911065,-0.238841048117226,-0.194826778860657,-0.234401056415332
noise95_pm0p1A,8,3.89825,4.50390625000032,46,4.51603943953533,-0.267596459012195,-0.213996834318816,-0.260802448609144
noise95_pm0p1A,8,3.89825,4.50390625000032,47,4.61421420996001,-0.289291178862203,-0.227437463146522,-0.282262850151409
noise95_pm0p1A,8,3.89825,4.50390625000032,48,4.71238898038469,-0.303839892010551,-0.236394237139376,-0.298928802119393
noise95_pm0p1A,8,3.89825,4.50390625000032,49,4.81056375080937,-0.314849608291197,-0.243428615566916,-0.310442309746037
noise95_pm0p1A,8,3.89825,4.50390625000032,50,4.90873852123405,-0.323732496826138,-0.247358716863152,-0.316332926291406
noise95_pm0p1A,8,3.89825,4.50390625000032,51,5.00691329165873,-0.325210666482433,-0.247456805175945,-0.316562177378035
noise95_pm0p1A,8,3.89825,4.50390625000032,52,5.10508806208341,-0.317010276254827,-0.243257942367353,-0.310254659434933
noise95_pm0p1A,8,3.89825,4.50390625000032,53,5.20326283250809,-0.30402591951233,-0.236588280030186,-0.298101485495759
noise95_pm0p1A,8,3.89825,4.50390625000032,54,5.30143760293278,-0.286461934552854,-0.226617319662125,-0.280835319053602
noise95_pm0p1A,8,3.89825,4.50390625000032,55,5.39961237335746,-0.264265195507402,-0.212042197293674,-0.257632337500456
noise95_pm0p1A,8,3.89825,4.50390625000032,56,5.49778714378214,-0.235133121633041,-0.191734069901769,-0.229213712208644
noise95_pm0p1A,8,3.89825,4.50390625000032,57,5.59596191420682,-0.203306339294669,-0.167006482348053,-0.197751316831481
noise95_pm0p1A,8,3.89825,4.50390625000032,58,5.6941366846315,-0.165153238980493,-0.135974179537266,-0.161263216830106
noise95_pm0p1A,8,3.89825,4.50390625000032,59,5.79231145505618,-0.128193064733883,-0.103933744121211,-0.122499591109464
noise95_pm0p1A,8,3.89825,4.50390625000032,60,5.89048622548086,-0.0889701080071541,-0.0709733371964177,-0.082708616153086
noise95_pm0p1A,8,3.89825,4.50390625000032,61,5.98866099590554,-0.0456150627783537,-0.0367536598459947,-0.0415538058835246
noise95_pm0p1A,8,3.89825,4.50390625000032,62,6.08683576633022,-0.00586000396522638,-0.00399506218218371,-0.00125425510135423
noise95_pm0p1A,8,3.89825,4.50390625000032,63,6.18501053675491,0.0344399530993769,0.0285375300846078,0.0389374892311693
noise95_pm0p1A,9,4.18225,5.00488281250022,0,0,0.0713150442864185,0.0610193213671153,0.0758696657944137
noise95_pm0p1A,9,4.18225,5.00488281250022,1,0.098174770424681,0.106331376352326,0.091390291090943,0.110945394879258
noise95_pm0p1A,9,4.18225,5.00488281250022,2,0.196349540849362,0.137146515352006,0.118358768178759,0.142618125010304
noise95_pm0p1A,9,4.18225,5.00488281250022,3,0.294524311274043,0.164710265014471,0.141012513270774,0.169445709159238
noise95_pm0p1A,9,4.18225,5.00488281250022,4,0.392699081698724,0.187727077365974,0.161109299182707,0.191659540605051
noise95_pm0p1A,9,4.18225,5.00488281250022,5,0.490873852123405,0.205929697007557,0.176591475461892,0.209396359896922
noise95_pm0p1A,9,4.18225,5.00488281250022,6,0.589048622548086,0.21636226773837,0.185846791381925,0.2219106088964
noise95_pm0p1A,9,4.18225,5.00488281250022,7,0.687223392972767,0.225653430278042,0.193005164336203,0.229774728491228
noise95_pm0p1A,9,4.18225,5.00488281250022,8,0.785398163397448,0.227509198951026,0.194586387278036,0.232424246360601
noise95_pm0p1A,9,4.18225,5.00488281250022,9,0.883572933822129,0.227349181014169,0.193276059757189,0.230787125461994
noise95_pm0p1A,9,4.18225,5.00488281250022,10,0.98174770424681,0.220715933512381,0.187695737735808,0.225251131182646
noise95_pm0p1A,9,4.18225,5.00488281250022,11,1.07992247467149,0.211127433895711,0.180434840329802,0.216248325600934
noise95_pm0p1A,9,4.18225,5.00488281250022,12,1.17809724509617,0.199839923904139,0.171090744193388,0.204605494680599
noise95_pm0p1A,9,4.18225,5.00488281250022,13,1.27627201552085,0.184819984034378,0.157265862422666,0.190136570678017
noise95_pm0p1A,9,4.18225,5.00488281250022,14,1.37444678594553,0.169303499558017,0.144048361075149,0.174372010204357
noise95_pm0p1A,9,4.18225,5.00488281250022,15,1.47262155637022,0.153498423184743,0.130652569589732,0.159012590468882
noise95_pm0p1A,9,4.18225,5.00488281250022,16,1.5707963267949,0.137350005636995,0.116508062735965,0.143289960438036
noise95_pm0p1A,9,4.18225,5.00488281250022,17,1.66897109721958,0.122576905140762,0.104290095651732,0.128403905123616
noise95_pm0p1A,9,4.18225,5.00488281250022,18,1.76714586764426,0.11023312344508,0.0930388470734408,0.115235391755108
noise95_pm0p1A,9,4.18225,5.00488281250022,19,1.86532063806894,0.097706407158219,0.081878024299625,0.103408868749712
noise95_pm0p1A,9,4.18225,5.00488281250022,20,1.96349540849362,0.0883704625870431,0.0741253811806212,0.0938663999552152
noise95_pm0p1A,9,4.18225,5.00488281250022,21,2.0616701789183,0.0806128806435648,0.0678567514761019,0.0865702532992128
noise95_pm0p1A,9,4.18225,5.00488281250022,22,2.15984494934298,0.0759518988590663,0.0640924837892887,0.0817158904415944
noise95_pm0p1A,9,4.18225,5.00488281250022,23,2.25801971976766,0.0728215763170729,0.0616072559615977,0.0788273028315387
noise95_pm0p1A,9,4.18225,5.00488281250022,24,2.35619449019234,0.073045914522131,0.0611590170993698,0.0778516644230959
noise95_pm0p1A,9,4.18225,5.00488281250022,25,2.45436926061703,0.0731447689302624,0.0613799126401669,0.0782936609820709
noise95_pm0p1A,9,4.18225,5.00488281250022,26,2.55254403104171,0.0753131161347864,0.0630187179812633,0.0800875335644107
noise95_pm0p1A,9,4.18225,5.00488281250022,27,2.65071880146639,0.0775511188549205,0.065036950345946,0.0822997365537976
noise95_pm0p1A,9,4.18225,5.00488281250022,28,2.74889357189107,0.0789118920830459,0.0664760060420909,0.0841321005750652
noise95_pm0p1A,9,4.18225,5.00488281250022,29,2.84706834231575,0.0800486527768167,0.0676953484903922,0.085133588019364
noise95_pm0p1A,9,4.18225,5.00488281250022,30,2.94524311274043,0.0799424480522202,0.0672600366883086,0.0847333299818973
noise95_pm0p1A,9,4.18225,5.00488281250022,31,3.04341788316511,0.0777965289289701,0.0658284482903448,0.0825350983122363
noise95_pm0p1A,9,4.18225,5.00488281250022,32,3.14159265358979,0.0729687922345374,0.0622474886527492,0.0780512693753549
noise95_pm0p1A,9,4.18225,5.00488281250022,33,3.23976742401447,0.0650995876612345,0.0552819605385386,0.0703312471496424
noise95_pm0p1A,9,4.18225,5.00488281250022,34,3.33794219443916,0.0539293760434549,0.045234956197144,0.058665948633912
noise95_pm0p1A,9,4.18225,5.00488281250022,35,3.43611696486384,0.0395467342654973,0.0327982605976246,0.0439654856296086
noise95_pm0p1A,9,4.18225,5.00488281250022,36,3.53429173528852,0.0216924954810346,0.0173767034553209,0.0256847814379784
noise95_pm0p1A,9,4.18225,5.00488281250022,37,3.6324665057132,-0.000693905716109232,-0.00177101929727331,0.00394681590252977
noise95_pm0p1A,9,4.18225,5.00488281250022,38,3.73064127613788,-0.0257441653135463,-0.0214374717489669,-0.021047475678981
noise95_pm0p1A,9,4.18225,5.00488281250022,39,3.82881604656256,-0.0532559238042885,-0.0446660813544921,-0.0497835776734566
noise95_pm0p1A,9,4.18225,5.00488281250022,40,3.92699081698724,-0.0838572558659913,-0.0728596970135774,-0.0795483954044758
noise95_pm0p1A,9,4.18225,5.00488281250022,41,4.02516558741192,-0.114799541582257,-0.0991740738080354,-0.11177177523863
noise95_pm0p1A,9,4.18225,5.00488281250022,42,4.1233403578366,-0.147340018166493,-0.126721432135882,-0.142990779529074
noise95_pm0p1A,9,4.18225,5.00488281250022,43,4.22151512826128,-0.179947200275072,-0.154970995704316,-0.17531410445035
noise95_pm0p1A,9,4.18225,5.00488281250022,44,4.31968989868597,-0.21055369006653,-0.180511516100459,-0.205869510786178
noise95_pm0p1A,9,4.18225,5.00488281250022,45,4.41786466911065,-0.238841048117226,-0.203629632711971,-0.234401056415332
noise95_pm0p1A,9,4.18225,5.00488281250022,46,4.51603943953533,-0.267596459012195,-0.224716759257492,-0.260802448609144
noise95_pm0p1A,9,4.18225,5.00488281250022,47,4.61421420996001,-0.289291178862203,-0.239808206289658,-0.282262850151409
noise95_pm0p1A,9,4.18225,5.00488281250022,48,4.71238898038469,-0.303839892010551,-0.249883368113611,-0.298928802119393
noise95_pm0p1A,9,4.18225,5.00488281250022,49,4.81056375080937,-0.314849608291197,-0.257712814111772,-0.310442309746037
noise95_pm0p1A,9,4.18225,5.00488281250022,50,4.90873852123405,-0.323732496826138,-0.26263347285575,-0.316332926291406
noise95_pm0p1A,9,4.18225,5.00488281250022,51,5.00691329165873,-0.325210666482433,-0.263007577437242,-0.316562177378035
noise95_pm0p1A,9,4.18225,5.00488281250022,52,5.10508806208341,-0.317010276254827,-0.258008409144847,-0.310254659434933
noise95_pm0p1A,9,4.18225,5.00488281250022,53,5.20326283250809,-0.30402591951233,-0.250075807926615,-0.298101485495759
noise95_pm0p1A,9,4.18225,5.00488281250022,54,5.30143760293278,-0.286461934552854,-0.238586242640271,-0.280835319053602
noise95_pm0p1A,9,4.18225,5.00488281250022,55,5.39961237335746,-0.264265195507402,-0.222486796936419,-0.257632337500456
noise95_pm0p1A,9,4.18225,5.00488281250022,56,5.49778714378214,-0.235133121633041,-0.200413880248023,-0.229213712208644
noise95_pm0p1A,9,4.18225,5.00488281250022,57,5.59596191420682,-0.203306339294669,-0.174266453737376,-0.197751316831481
noise95_pm0p1A,9,4.18225,5.00488281250022,58,5.6941366846315,-0.165153238980493,-0.141809991425912,-0.161263216830106
noise95_pm0p1A,9,4.18225,5.00488281250022,59,5.79231145505618,-0.128193064733883,-0.108785608243745,-0.122499591109464
noise95_pm0p1A,9,4.18225,5.00488281250022,60,5.89048622548086,-0.0889701080071541,-0.074572691358565,-0.082708616153086
noise95_pm0p1A,9,4.18225,5.00488281250022,61,5.98866099590554,-0.0456150627783537,-0.0385259404324665,-0.0415538058835246
noise95_pm0p1A,9,4.18225,5.00488281250022,62,6.08683576633022,-0.00586000396522638,-0.00436805053879224,-0.00125425510135423
noise95_pm0p1A,9,4.18225,5.00488281250022,63,6.18501053675491,0.0344399530993769,0.0297180146875616,0.0389374892311693
noise95_pm0p1A,10,4.5326,5.50585937500003,0,0,0.0704434901294686,0.062904155119586,0.0758696657944137
noise95_pm0p1A,10,4.5326,5.50585937500003,1,0.098174770424681,0.106089641757473,0.0943301612242491,0.110945394879258
noise95_pm0p1A,10,4.5326,5.50585937500003,2,0.196349540849362,0.13724230062893,0.122135474668794,0.142618125010304
noise95_pm0p1A,10,4.5326,5.50585937500003,3,0.294524311274043,0.164441160566381,0.145698242729895,0.169445709159238
noise95_pm0p1A,10,4.5326,5.50585937500003,4,0.392699081698724,0.186270027687997,0.166141444883765,0.191659540605051
noise95_pm0p1A,10,4.5326,5.50585937500003,5,0.490873852123405,0.205805746617179,0.182434329692949,0.209396359896922
noise95_pm0p1A,10,4.5326,5.50585937500003,6,0.589048622548086,0.217423596875219,0.192162152480584,0.2219106088964
noise95_pm0p1A,10,4.5326,5.50585937500003,7,0.687223392972767,0.226644809627717,0.199733093394506,0.229774728491228
noise95_pm0p1A,10,4.5326,5.50585937500003,8,0.785398163397448,0.229503280273868,0.201569765877202,0.232424246360601
noise95_pm0p1A,10,4.5326,5.50585937500003,9,0.883572933822129,0.227349181014169,0.200090684008585,0.230787125461994
noise95_pm0p1A,10,4.5326,5.50585937500003,10,0.98174770424681,0.220715933512381,0.194299776891122,0.225251131182646
noise95_pm0p1A,10,4.5326,5.50585937500003,11,1.07992247467149,0.211127433895711,0.186573359042984,0.216248325600934
noise95_pm0p1A,10,4.5326,5.50585937500003,12,1.17809724509617,0.199839923904139,0.176840580135538,0.204605494680599
noise95_pm0p1A,10,4.5326,5.50585937500003,13,1.27627201552085,0.184819984034378,0.162776686745008,0.190136570678017
noise95_pm0p1A,10,4.5326,5.50585937500003,14,1.37444678594553,0.169303499558017,0.149099388771723,0.174372010204357
noise95_pm0p1A,10,4.5326,5.50585937500003,15,1.47262155637022,0.153498423184743,0.135221740308734,0.159012590468882
noise95_pm0p1A,10,4.5326,5.50585937500003,16,1.5707963267949,0.137350005636995,0.120676451316171,0.143289960438036
noise95_pm0p1A,10,4.5326,5.50585937500003,17,1.66897109721958,0.122576905140762,0.107947457549538,0.128403905123616
noise95_pm0p1A,10,4.5326,5.50585937500003,18,1.76714586764426,0.11023312344508,0.0964777023477687,0.115235391755108
noise95_pm0p1A,10,4.5326,5.50585937500003,19,1.86532063806894,0.097706407158219,0.0850437008713438,0.103408868749712
noise95_pm0p1A,10,4.5326,5.50585937500003,20,1.96349540849362,0.0883704625870431,0.0769743974619056,0.0938663999552152
noise95_pm0p1A,10,4.5326,5.50585937500003,21,2.0616701789183,0.0806128806435648,0.0704079773095945,0.0865702532992128
noise95_pm0p1A,10,4.5326,5.50585937500003,22,2.15984494934298,0.0759518988590663,0.0664643668032442,0.0817158904415944
noise95_pm0p1A,10,4.5326,5.50585937500003,23,2.25801971976766,0.0728215763170729,0.0638501200326928,0.0788273028315387
noise95_pm0p1A,10,4.5326,5.50585937500003,24,2.35619449019234,0.073045914522131,0.063536396583922,0.0778516644230959
noise95_pm0p1A,10,4.5326,5.50585937500003,25,2.45436926061703,0.0731447689302624,0.063732883898186,0.0782936609820709
noise95_pm0p1A,10,4.5326,5.50585937500003,26,2.55254403104171,0.0753131161347864,0.0654775976119679,0.0800875335644107
noise95_pm0p1A,10,4.5326,5.50585937500003,27,2.65071880146639,0.0775511188549205,0.0675397840477409,0.0822997365537976
noise95_pm0p1A,10,4.5326,5.50585937500003,28,2.74889357189107,0.0789118920830459,0.0689631832502819,0.0841321005750652
noise95_pm0p1A,10,4.5326,5.50585937500003,29,2.84706834231575,0.0800486527768167,0.0701660093476771,0.085133588019364
noise95_pm0p1A,10,4.5326,5.50585937500003,30,2.94524311274043,0.0799424480522202,0.0697965189610909,0.0847333299818973
noise95_pm0p1A,10,4.5326,5.50585937500003,31,3.04341788316511,0.0777965289289701,0.0682220644180699,0.0825350983122363
noise95_pm0p1A,10,4.5326,5.50585937500003,32,3.14159265358979,0.0729687922345374,0.0643917493691068,0.0780512693753549
noise95_pm0p1A,10,4.5326,5.50585937500003,33,3.23976742401447,0.0650995876612345,0.0572454859630778,0.0703312471496424
noise95_pm0p1A,10,4.5326,5.50585937500003,34,3.33794219443916,0.0539293760434549,0.0469738401664062,0.058665948633912
noise95_pm0p1A,10,4.5326,5.50585937500003,35,3.43611696486384,0.0395467342654973,0.0341479553311991,0.0439654856296086
noise95_pm0p1A,10,4.5326,5.50585937500003,36,3.53429173528852,0.0216924954810346,0.0182398618604636,0.0256847814379784
noise95_pm0p1A,10,4.5326,5.50585937500003,37,3.6324665057132,-0.000693905716109232,-0.00155559658104049,0.00394681590252977
noise95_pm0p1A,10,4.5326,5.50585937500003,38,3.73064127613788,-0.0257441653135463,-0.0222988104618828,-0.021047475678981
noise95_pm0p1A,10,4.5326,5.50585937500003,39,3.82881604656256,-0.0538990065398924,-0.0465126663915722,-0.0497835776734566
noise95_pm0p1A,10,4.5326,5.50585937500003,40,3.92699081698724,-0.0838220009822987,-0.0750521578073216,-0.0795483954044758
noise95_pm0p1A,10,4.5326,5.50585937500003,41,4.02516558741192,-0.116490339443478,-0.102637326935124,-0.11177177523863
noise95_pm0p1A,10,4.5326,5.50585937500003,42,4.1233403578366,-0.14782998707869,-0.130943143124443,-0.142990779529074
noise95_pm0p1A,10,4.5326,5.50585937500003,43,4.22151512826128,-0.180441669133378,-0.160065130390128,-0.17531410445035
noise95_pm0p1A,10,4.5326,5.50585937500003,44,4.31968989868597,-0.211491470901555,-0.186707507060679,-0.205869510786178
noise95_pm0p1A,10,4.5326,5.50585937500003,45,4.41786466911065,-0.239561650921726,-0.210816036353922,-0.234401056415332
noise95_pm0p1A,10,4.5326,5.50585937500003,46,4.51603943953533,-0.267569704209174,-0.233287348247828,-0.260802448609144
noise95_pm0p1A,10,4.5326,5.50585937500003,47,4.61421420996001,-0.288438254780338,-0.249534215987794,-0.282262850151409
noise95_pm0p1A,10,4.5326,5.50585937500003,48,4.71238898038469,-0.304729772273234,-0.260852648945536,-0.298928802119393
noise95_pm0p1A,10,4.5326,5.50585937500003,49,4.81056375080937,-0.31540044857107,-0.269250341003632,-0.310442309746037
noise95_pm0p1A,10,4.5326,5.50585937500003,50,4.90873852123405,-0.322854173258779,-0.274677612936356,-0.316332926291406
noise95_pm0p1A,10,4.5326,5.50585937500003,51,5.00691329165873,-0.323184792515002,-0.275043020452794,-0.316562177378035
noise95_pm0p1A,10,4.5326,5.50585937500003,52,5.10508806208341,-0.317085510741913,-0.26982382946426,-0.310254659434933
noise95_pm0p1A,10,4.5326,5.50585937500003,53,5.20326283250809,-0.303418762464644,-0.260744398834221,-0.298101485495759
noise95_pm0p1A,10,4.5326,5.50585937500003,54,5.30143760293278,-0.285366819801193,-0.247942358072455,-0.280835319053602
noise95_pm0p1A,10,4.5326,5.50585937500003,55,5.39961237335746,-0.26300880859547,-0.230591199268229,-0.257632337500456
noise95_pm0p1A,10,4.5326,5.50585937500003,56,5.49778714378214,-0.234049143210508,-0.20714093284052,-0.229213712208644
noise95_pm0p1A,10,4.5326,5.50585937500003,57,5.59596191420682,-0.202812523089764,-0.179975667607854,-0.197751316831481
noise95_pm0p1A,10,4.5326,5.50585937500003,58,5.6941366846315,-0.166417969468017,-0.146731587034333,-0.161263216830106
noise95_pm0p1A,10,4.5326,5.50585937500003,59,5.79231145505618,-0.127448038458224,-0.112518094286641,-0.122499591109464
noise95_pm0p1A,10,4.5326,5.50585937500003,60,5.89048622548086,-0.0887980112961326,-0.0774177553460785,-0.082708616153086
noise95_pm0p1A,10,4.5326,5.50585937500003,61,5.98866099590554,-0.0449387803092663,-0.0398085084078265,-0.0415538058835246
noise95_pm0p1A,10,4.5326,5.50585937500003,62,6.08683576633022,-0.00539306544856658,-0.00457305352074711,-0.00125425510135423
noise95_pm0p1A,10,4.5326,5.50585937500003,63,6.18501053675491,0.033270804226761,0.0304285725954015,0.0389374892311693
noise95_pm0p1A,11,4.81605,6.00683593749981,0,0,0.0704434901294686,0.0644120221215625,0.0758696657944137
noise95_pm0p1A,11,4.81605,6.00683593749981,1,0.098174770424681,0.106089641757473,0.096682057330894,0.110945394879258
noise95_pm0p1A,11,4.81605,6.00683593749981,2,0.196349540849362,0.13724230062893,0.125156839860821,0.142618125010304
noise95_pm0p1A,11,4.81605,6.00683593749981,3,0.294524311274043,0.164441160566381,0.149446826297192,0.169445709159238
noise95_pm0p1A,11,4.81605,6.00683593749981,4,0.392699081698724,0.186270027687997,0.170167161444612,0.191659540605051
noise95_pm0p1A,11,4.81605,6.00683593749981,5,0.490873852123405,0.205805746617179,0.187108613077795,0.209396359896922
noise95_pm0p1A,11,4.81605,6.00683593749981,6,0.589048622548086,0.217423596875219,0.197214441359511,0.2219106088964
noise95_pm0p1A,11,4.81605,6.00683593749981,7,0.687223392972767,0.225543551722321,0.204895185060069,0.229774728491228
noise95_pm0p1A,11,4.81605,6.00683593749981,8,0.785398163397448,0.226746434925466,0.206605099686855,0.232424246360601
noise95_pm0p1A,11,4.81605,6.00683593749981,9,0.883572933822129,0.226898065409182,0.205452160288704,0.230787125461994
noise95_pm0p1A,11,4.81605,6.00683593749981,10,0.98174770424681,0.221448817914114,0.199729585095721,0.225251131182646
noise95_pm0p1A,11,4.81605,6.00683593749981,11,1.07992247467149,0.211981074227311,0.191654902079849,0.216248325600934
noise95_pm0p1A,11,4.81605,6.00683593749981,12,1.17809724509617,0.199958719123312,0.181464207933093,0.204605494680599
noise95_pm0p1A,11,4.81605,6.00683593749981,13,1.27627201552085,0.18450178299049,0.167121705994105,0.190136570678017
noise95_pm0p1A,11,4.81605,6.00683593749981,14,1.37444678594553,0.170532698836049,0.153386050784588,0.174372010204357
noise95_pm0p1A,11,4.81605,6.00683593749981,15,1.47262155637022,0.154638341662687,0.139105060579525,0.159012590468882
noise95_pm0p1A,11,4.81605,6.00683593749981,16,1.5707963267949,0.137190473317677,0.123979255716472,0.143289960438036
noise95_pm0p1A,11,4.81605,6.00683593749981,17,1.66897109721958,0.12173060064883,0.110704086169396,0.128403905123616
noise95_pm0p1A,11,4.81605,6.00683593749981,18,1.76714586764426,0.110295521477036,0.0992412661736222,0.115235391755108
noise95_pm0p1A,11,4.81605,6.00683593749981,19,1.86532063806894,0.0979853574088624,0.0876320321788475,0.103408868749712
noise95_pm0p1A,11,4.81605,6.00683593749981,20,1.96349540849362,0.0875935467567438,0.0790982273208732,0.0938663999552152
noise95_pm0p1A,11,4.81605,6.00683593749981,21,2.0616701789183,0.0810050104325164,0.0725273839341788,0.0865702532992128
noise95_pm0p1A,11,4.81605,6.00683593749981,22,2.15984494934298,0.0754996036197962,0.0682714141665546,0.0817158904415944
noise95_pm0p1A,11,4.81605,6.00683593749981,23,2.25801971976766,0.0732332547565999,0.0657267469774742,0.0788273028315387
noise95_pm0p1A,11,4.81605,6.00683593749981,24,2.35619449019234,0.0721813787521114,0.0652653930175599,0.0778516644230959
noise95_pm0p1A,11,4.81605,6.00683593749981,25,2.45436926061703,0.0730684194008934,0.0655999909987275,0.0782936609820709
noise95_pm0p1A,11,4.81605,6.00683593749981,26,2.55254403104171,0.0755627953103758,0.0674946371516495,0.0800875335644107
noise95_pm0p1A,11,4.81605,6.00683593749981,27,2.65071880146639,0.0778967837146577,0.0696111839811242,0.0822997365537976
noise95_pm0p1A,11,4.81605,6.00683593749981,28,2.74889357189107,0.078807757301557,0.070932098060537,0.0841321005750652
noise95_pm0p1A,11,4.81605,6.00683593749981,29,2.84706834231575,0.0812103533361218,0.0723748781453661,0.085133588019364
noise95_pm0p1A,11,4.81605,6.00683593749981,30,2.94524311274043,0.079819291195301,0.0718010734079329,0.0847333299818973
noise95_pm0p1A,11,4.81605,6.00683593749981,31,3.04341788316511,0.0783043415324111,0.0702385198409381,0.0825350983122363
noise95_pm0p1A,11,4.81605,6.00683593749981,32,3.14159265358979,0.0728550922890128,0.066084417953088,0.0780512693753549
noise95_pm0p1A,11,4.81605,6.00683593749981,33,3.23976742401447,0.06565404381689,0.0589271975338402,0.0703312471496424
noise95_pm0p1A,11,4.81605,6.00683593749981,34,3.33794219443916,0.0546832333820831,0.0485157188095416,0.058665948633912
noise95_pm0p1A,11,4.81605,6.00683593749981,35,3.43611696486384,0.0389867229416159,0.0351157088532825,0.0439654856296086
noise95_pm0p1A,11,4.81605,6.00683593749981,36,3.53429173528852,0.0215286400341511,0.0188976174952011,0.0256847814379784
noise95_pm0p1A,11,4.81605,6.00683593749981,37,3.6324665057132,-0.000383555347951057,-0.00132118833442261,0.00394681590252977
noise95_pm0p1A,11,4.81605,6.00683593749981,38,3.73064127613788,-0.0249794198975024,-0.0228349323490067,-0.021047475678981
noise95_pm0p1A,11,4.81605,6.00683593749981,39,3.82881604656256,-0.054463855802614,-0.0481029042737805,-0.0497835776734566
noise95_pm0p1A,11,4.81605,6.00683593749981,40,3.92699081698724,-0.0836637132355212,-0.0767744688929615,-0.0795483954044758
noise95_pm0p1A,11,4.81605,6.00683593749981,41,4.02516558741192,-0.116490339443478,-0.105407929436795,-0.11177177523863
noise95_pm0p1A,11,4.81605,6.00683593749981,42,4.1233403578366,-0.14782998707869,-0.134320511915293,-0.142990779529074
noise95_pm0p1A,11,4.81605,6.00683593749981,43,4.22151512826128,-0.180441669133378,-0.164140438138778,-0.17531410445035
noise95_pm0p1A,11,4.81605,6.00683593749981,44,4.31968989868597,-0.211491470901555,-0.191664299828854,-0.205869510786178
noise95_pm0p1A,11,4.81605,6.00683593749981,45,4.41786466911065,-0.239561650921726,-0.216565159267483,-0.234401056415332
noise95_pm0p1A,11,4.81605,6.00683593749981,46,4.51603943953533,-0.267569704209174,-0.240143819440098,-0.260802448609144
noise95_pm0p1A,11,4.81605,6.00683593749981,47,4.61421420996001,-0.288438254780338,-0.257315023746303,-0.282262850151409
noise95_pm0p1A,11,4.81605,6.00683593749981,48,4.71238898038469,-0.304729772273234,-0.269628073611075,-0.298928802119393
noise95_pm0p1A,11,4.81605,6.00683593749981,49,4.81056375080937,-0.31540044857107,-0.278480362517119,-0.310442309746037
noise95_pm0p1A,11,4.81605,6.00683593749981,50,4.90873852123405,-0.322854173258779,-0.28431292500084,-0.316332926291406
noise95_pm0p1A,11,4.81605,6.00683593749981,51,5.00691329165873,-0.323184792515002,-0.284671374865236,-0.316562177378035
noise95_pm0p1A,11,4.81605,6.00683593749981,52,5.10508806208341,-0.317085510741913,-0.279276165719791,-0.310254659434933
noise95_pm0p1A,11,4.81605,6.00683593749981,53,5.20326283250809,-0.303418762464644,-0.269279271560305,-0.298101485495759
noise95_pm0p1A,11,4.81605,6.00683593749981,54,5.30143760293278,-0.285366819801193,-0.255427250418203,-0.280835319053602
noise95_pm0p1A,11,4.81605,6.00683593749981,55,5.39961237335746,-0.26300880859547,-0.237074721133677,-0.257632337500456
noise95_pm0p1A,11,4.81605,6.00683593749981,56,5.49778714378214,-0.234049143210508,-0.212522574914518,-0.229213712208644
noise95_pm0p1A,11,4.81605,6.00683593749981,57,5.59596191420682,-0.202812523089764,-0.184543038704236,-0.197751316831481
noise95_pm0p1A,11,4.81605,6.00683593749981,58,5.6941366846315,-0.166417969468017,-0.15066886352107,-0.161263216830106
noise95_pm0p1A,11,4.81605,6.00683593749981,59,5.79231145505618,-0.127448038458224,-0.115504083120958,-0.122499591109464
noise95_pm0p1A,11,4.81605,6.00683593749981,60,5.89048622548086,-0.0887980112961326,-0.0796938065360893,-0.082708616153086
noise95_pm0p1A,11,4.81605,6.00683593749981,61,5.98866099590554,-0.0449387803092663,-0.0408345627881145,-0.0415538058835246
noise95_pm0p1A,11,4.81605,6.00683593749981,62,6.08683576633022,-0.00539306544856658,-0.004737055906311,-0.00125425510135423
noise95_pm0p1A,11,4.81605,6.00683593749981,63,6.18501053675491,0.033270804226761,0.0309970189216734,0.0389374892311693
noise95_pm0p1A,12,5.1663,6.50781249999961,0,0,0.0716409131075874,0.0658578003187675,0.0758696657944137
noise95_pm0p1A,12,5.1663,6.50781249999961,1,0.098174770424681,0.106869605569645,0.0987195669786442,0.110945394879258
noise95_pm0p1A,12,5.1663,6.50781249999961,2,0.196349540849362,0.138675170473311,0.127860505983319,0.142618125010304
noise95_pm0p1A,12,5.1663,6.50781249999961,3,0.294524311274043,0.164372425995902,0.152431946236934,0.169445709159238
noise95_pm0p1A,12,5.1663,6.50781249999961,4,0.392699081698724,0.186873727115546,0.173508474578798,0.191659540605051
noise95_pm0p1A,12,5.1663,6.50781249999961,5,0.490873852123405,0.206469888057902,0.190980868073817,0.209396359896922
noise95_pm0p1A,12,5.1663,6.50781249999961,6,0.589048622548086,0.218555337560514,0.201482620599711,0.2219106088964
noise95_pm0p1A,12,5.1663,6.50781249999961,7,0.687223392972767,0.226738105030975,0.20926376905425,0.229774728491228
noise95_pm0p1A,12,5.1663,6.50781249999961,8,0.785398163397448,0.228216581846115,0.210927396118707,0.232424246360601
noise95_pm0p1A,12,5.1663,6.50781249999961,9,0.883572933822129,0.226898065409182,0.2097413413128,0.230787125461994
noise95_pm0p1A,12,5.1663,6.50781249999961,10,0.98174770424681,0.221448817914114,0.204073431659399,0.225251131182646
noise95_pm0p1A,12,5.1663,6.50781249999961,11,1.07992247467149,0.211981074227311,0.195720136509341,0.216248325600934
noise95_pm0p1A,12,5.1663,6.50781249999961,12,1.17809724509617,0.199958719123312,0.185163110171137,0.204605494680599
noise95_pm0p1A,12,5.1663,6.50781249999961,13,1.27627201552085,0.18450178299049,0.170597721393382,0.190136570678017
noise95_pm0p1A,12,5.1663,6.50781249999961,14,1.37444678594553,0.170532698836049,0.15681538039488,0.174372010204357
noise95_pm0p1A,12,5.1663,6.50781249999961,15,1.47262155637022,0.154638341662687,0.142211716796157,0.159012590468882
noise95_pm0p1A,12,5.1663,6.50781249999961,16,1.5707963267949,0.137190473317677,0.126621499236713,0.143289960438036
noise95_pm0p1A,12,5.1663,6.50781249999961,17,1.66897109721958,0.12173060064883,0.112909389065283,0.128403905123616
noise95_pm0p1A,12,5.1663,6.50781249999961,18,1.76714586764426,0.110295521477036,0.101452117234305,0.115235391755108
noise95_pm0p1A,12,5.1663,6.50781249999961,19,1.86532063806894,0.0979853574088624,0.0897026972248505,0.103408868749712
noise95_pm0p1A,12,5.1663,6.50781249999961,20,1.96349540849362,0.0875935467567438,0.0807972912080473,0.0938663999552152
noise95_pm0p1A,12,5.1663,6.50781249999961,21,2.0616701789183,0.0810050104325164,0.0742229092338464,0.0865702532992128
noise95_pm0p1A,12,5.1663,6.50781249999961,22,2.15984494934298,0.0754996036197962,0.0697170520572029,0.0817158904415944
noise95_pm0p1A,12,5.1663,6.50781249999961,23,2.25801971976766,0.0732332547565999,0.0672280485332993,0.0788273028315387
noise95_pm0p1A,12,5.1663,6.50781249999961,24,2.35619449019234,0.0721813787521114,0.0666485901644702,0.0778516644230959
noise95_pm0p1A,12,5.1663,6.50781249999961,25,2.45436926061703,0.0730684194008934,0.0670936766791607,0.0782936609820709
noise95_pm0p1A,12,5.1663,6.50781249999961,26,2.55254403104171,0.0755627953103758,0.0691082687833948,0.0800875335644107
noise95_pm0p1A,12,5.1663,6.50781249999961,27,2.65071880146639,0.0778967837146577,0.0712683039278309,0.0822997365537976
noise95_pm0p1A,12,5.1663,6.50781249999961,28,2.74889357189107,0.078807757301557,0.072507229908741,0.0841321005750652
noise95_pm0p1A,12,5.1663,6.50781249999961,29,2.84706834231575,0.0812103533361218,0.0741419731835172,0.085133588019364
noise95_pm0p1A,12,5.1663,6.50781249999961,30,2.94524311274043,0.079819291195301,0.0734047169654065,0.0847333299818973
noise95_pm0p1A,12,5.1663,6.50781249999961,31,3.04341788316511,0.0783043415324111,0.0718516841792327,0.0825350983122363
noise95_pm0p1A,12,5.1663,6.50781249999961,32,3.14159265358979,0.0728550922890128,0.067438552820273,0.0780512693753549
noise95_pm0p1A,12,5.1663,6.50781249999961,33,3.23976742401447,0.06565404381689,0.0602725667904502,0.0703312471496424
noise95_pm0p1A,12,5.1663,6.50781249999961,34,3.33794219443916,0.0546832333820831,0.0497492217240499,0.058665948633912
noise95_pm0p1A,12,5.1663,6.50781249999961,35,3.43611696486384,0.0389867229416159,0.0358899116709492,0.0439654856296086
noise95_pm0p1A,12,5.1663,6.50781249999961,36,3.53429173528852,0.0215286400341511,0.0194238220029911,0.0256847814379784
noise95_pm0p1A,12,5.1663,6.50781249999961,37,3.6324665057132,-0.000383555347951057,-0.0011336617371283,0.00394681590252977
noise95_pm0p1A,12,5.1663,6.50781249999961,38,3.73064127613788,-0.0249794198975024,-0.0232638298587058,-0.021047475678981
noise95_pm0p1A,12,5.1663,6.50781249999961,39,3.82881604656256,-0.0546853396027578,-0.049419391339576,-0.0497835776734566
noise95_pm0p1A,12,5.1663,6.50781249999961,40,3.92699081698724,-0.084149896770145,-0.0782495544683982,-0.0795483954044758
noise95_pm0p1A,12,5.1663,6.50781249999961,41,4.02516558741192,-0.116956486438098,-0.107717640837055,-0.11177177523863
noise95_pm0p1A,12,5.1663,6.50781249999961,42,4.1233403578366,-0.146738974269055,-0.136804204386045,-0.142990779529074
noise95_pm0p1A,12,5.1663,6.50781249999961,43,4.22151512826128,-0.180140345661866,-0.167340419643396,-0.17531410445035
noise95_pm0p1A,12,5.1663,6.50781249999961,44,4.31968989868597,-0.21185660643763,-0.195702761150609,-0.205869510786178
noise95_pm0p1A,12,5.1663,6.50781249999961,45,4.41786466911065,-0.239573712054446,-0.221166869824876,-0.234401056415332
noise95_pm0p1A,12,5.1663,6.50781249999961,46,4.51603943953533,-0.266171049522416,-0.245349265456561,-0.260802448609144
noise95_pm0p1A,12,5.1663,6.50781249999961,47,4.61421420996001,-0.289301316758271,-0.263712282348696,-0.282262850151409
noise95_pm0p1A,12,5.1663,6.50781249999961,48,4.71238898038469,-0.306582008595547,-0.27701886060797,-0.298928802119393
noise95_pm0p1A,12,5.1663,6.50781249999961,49,4.81056375080937,-0.314367425965279,-0.285657775206751,-0.310442309746037
noise95_pm0p1A,12,5.1663,6.50781249999961,50,4.90873852123405,-0.321491504860861,-0.291748640972844,-0.316332926291406
noise95_pm0p1A,12,5.1663,6.50781249999961,51,5.00691329165873,-0.321354443107787,-0.292007988513746,-0.316562177378035
noise95_pm0p1A,12,5.1663,6.50781249999961,52,5.10508806208341,-0.319065568671216,-0.287234046310076,-0.310254659434933
noise95_pm0p1A,12,5.1663,6.50781249999961,53,5.20326283250809,-0.301942000477609,-0.275811817343766,-0.298101485495759
noise95_pm0p1A,12,5.1663,6.50781249999961,54,5.30143760293278,-0.285427347285704,-0.261427269791703,-0.280835319053602
noise95_pm0p1A,12,5.1663,6.50781249999961,55,5.39961237335746,-0.263805004090816,-0.242420777725105,-0.257632337500456
noise95_pm0p1A,12,5.1663,6.50781249999961,56,5.49778714378214,-0.234541721131316,-0.216926404157877,-0.229213712208644
noise95_pm0p1A,12,5.1663,6.50781249999961,57,5.59596191420682,-0.203635174996194,-0.188361465962627,-0.197751316831481
noise95_pm0p1A,12,5.1663,6.50781249999961,58,5.6941366846315,-0.166508905894052,-0.153836871995666,-0.161263216830106
noise95_pm0p1A,12,5.1663,6.50781249999961,59,5.79231145505618,-0.126919191544896,-0.117787104805745,-0.122499591109464
noise95_pm0p1A,12,5.1663,6.50781249999961,60,5.89048622548086,-0.0894593045494333,-0.0816469061387581,-0.082708616153086
noise95_pm0p1A,12,5.1663,6.50781249999961,61,5.98866099590554,-0.0457911116524951,-0.0418258725609906,-0.0415538058835246
noise95_pm0p1A,12,5.1663,6.50781249999961,62,6.08683576633022,-0.00557378626572748,-0.0049044019781943,-0.00125425510135423
noise95_pm0p1A,12,5.1663,6.50781249999961,63,6.18501053675491,0.0351277490129428,0.0318231649399273,0.0389374892311693
noise95_pm0p1A,13,5.44915,7.00878906249939,0,0,0.0716409131075874,0.0670144228765314,0.0758696657944137
noise95_pm0p1A,13,5.44915,7.00878906249939,1,0.098174770424681,0.106869605569645,0.100349574696844,0.110945394879258
noise95_pm0p1A,13,5.44915,7.00878906249939,2,0.196349540849362,0.138675170473311,0.130023438881317,0.142618125010304
noise95_pm0p1A,13,5.44915,7.00878906249939,3,0.294524311274043,0.164372425995902,0.154820042188728,0.169445709159238
noise95_pm0p1A,13,5.44915,7.00878906249939,4,0.392699081698724,0.186873727115546,0.176181525086148,0.191659540605051
noise95_pm0p1A,13,5.44915,7.00878906249939,5,0.490873852123405,0.206469888057902,0.194078672070634,0.209396359896922
noise95_pm0p1A,13,5.44915,7.00878906249939,6,0.589048622548086,0.218555337560514,0.204897163991872,0.2219106088964
noise95_pm0p1A,13,5.44915,7.00878906249939,7,0.687223392972767,0.226590316852983,0.212729078613997,0.229774728491228
noise95_pm0p1A,13,5.44915,7.00878906249939,8,0.785398163397448,0.228178438872118,0.214377604669389,0.232424246360601
noise95_pm0p1A,13,5.44915,7.00878906249939,9,0.883572933822129,0.225486597616099,0.21289039257346,0.230787125461994
noise95_pm0p1A,13,5.44915,7.00878906249939,10,0.98174770424681,0.22156753660056,0.207572252647632,0.225251131182646
noise95_pm0p1A,13,5.44915,7.00878906249939,11,1.07992247467149,0.211527789773544,0.198881667162182,0.216248325600934
noise95_pm0p1A,13,5.44915,7.00878906249939,12,1.17809724509617,0.199647927715044,0.188060073679918,0.204605494680599
noise95_pm0p1A,13,5.44915,7.00878906249939,13,1.27627201552085,0.18621842871186,0.173721862857077,0.190136570678017
noise95_pm0p1A,13,5.44915,7.00878906249939,14,1.37444678594553,0.169659939612089,0.159384292238322,0.174372010204357
noise95_pm0p1A,13,5.44915,7.00878906249939,15,1.47262155637022,0.153742003003577,0.144517774037641,0.159012590468882
noise95_pm0p1A,13,5.44915,7.00878906249939,16,1.5707963267949,0.138902356682062,0.129077670725783,0.143289960438036
noise95_pm0p1A,13,5.44915,7.00878906249939,17,1.66897109721958,0.123416102772845,0.115010731806795,0.128403905123616
noise95_pm0p1A,13,5.44915,7.00878906249939,18,1.76714586764426,0.110891994900669,0.103340092767578,0.115235391755108
noise95_pm0p1A,13,5.44915,7.00878906249939,19,1.86532063806894,0.0985503140028852,0.0914722205804574,0.103408868749712
noise95_pm0p1A,13,5.44915,7.00878906249939,20,1.96349540849362,0.0886435987909941,0.0823665527246367,0.0938663999552152
noise95_pm0p1A,13,5.44915,7.00878906249939,21,2.0616701789183,0.0812269475968769,0.0756237169064525,0.0865702532992128
noise95_pm0p1A,13,5.44915,7.00878906249939,22,2.15984494934298,0.0756918631795858,0.0709120142816795,0.0817158904415944
noise95_pm0p1A,13,5.44915,7.00878906249939,23,2.25801971976766,0.0732589701370261,0.0684342328540447,0.0788273028315387
noise95_pm0p1A,13,5.44915,7.00878906249939,24,2.35619449019234,0.0730154918896651,0.0679219705095092,0.0778516644230959
noise95_pm0p1A,13,5.44915,7.00878906249939,25,2.45436926061703,0.0733571417375301,0.0683463696908346,0.0782936609820709
noise95_pm0p1A,13,5.44915,7.00878906249939,26,2.55254403104171,0.0745336254083631,0.0701933401083884,0.0800875335644107
noise95_pm0p1A,13,5.44915,7.00878906249939,27,2.65071880146639,0.0769992641749645,0.0724144959772576,0.0822997365537976
noise95_pm0p1A,13,5.44915,7.00878906249939,28,2.74889357189107,0.0779150717966217,0.0735887982863171,0.0841321005750652
noise95_pm0p1A,13,5.44915,7.00878906249939,29,2.84706834231575,0.0809577571428944,0.0755051299753927,0.085133588019364
noise95_pm0p1A,13,5.44915,7.00878906249939,30,2.94524311274043,0.0799539627882089,0.074714566129967,0.0847333299818973
noise95_pm0p1A,13,5.44915,7.00878906249939,31,3.04341788316511,0.0781103730484778,0.0731034219530817,0.0825350983122363
noise95_pm0p1A,13,5.44915,7.00878906249939,32,3.14159265358979,0.0733814015709001,0.0686271225703984,0.0780512693753549
noise95_pm0p1A,13,5.44915,7.00878906249939,33,3.23976742401447,0.0660990118630335,0.0614378558049668,0.0703312471496424
noise95_pm0p1A,13,5.44915,7.00878906249939,34,3.33794219443916,0.0549828157147465,0.0507959405221892,0.058665948633912
noise95_pm0p1A,13,5.44915,7.00878906249939,35,3.43611696486384,0.0393370511855647,0.0365793395738723,0.0439654856296086
noise95_pm0p1A,13,5.44915,7.00878906249939,36,3.53429173528852,0.0216344667037405,0.019865950943141,0.0256847814379784
noise95_pm0p1A,13,5.44915,7.00878906249939,37,3.6324665057132,-0.000404330130202196,-0.000987795415743076,0.00394681590252977
noise95_pm0p1A,13,5.44915,7.00878906249939,38,3.73064127613788,-0.0250032202189856,-0.0236117079307618,-0.021047475678981
noise95_pm0p1A,13,5.44915,7.00878906249939,39,3.82881604656256,-0.0539893259227468,-0.0503333782562102,-0.0497835776734566
noise95_pm0p1A,13,5.44915,7.00878906249939,40,3.92699081698724,-0.0840044870435961,-0.0794005409834378,-0.0795483954044758
noise95_pm0p1A,13,5.44915,7.00878906249939,41,4.02516558741192,-0.116956486438098,-0.109565409957264,-0.11177177523863
noise95_pm0p1A,13,5.44915,7.00878906249939,42,4.1233403578366,-0.146738974269055,-0.138791158362647,-0.142990779529074
noise95_pm0p1A,13,5.44915,7.00878906249939,43,4.22151512826128,-0.180140345661866,-0.16990040484709,-0.17531410445035
noise95_pm0p1A,13,5.44915,7.00878906249939,44,4.31968989868597,-0.21185660643763,-0.198933530208013,-0.205869510786178
noise95_pm0p1A,13,5.44915,7.00878906249939,45,4.41786466911065,-0.239573712054446,-0.22484823827079,-0.234401056415332
noise95_pm0p1A,13,5.44915,7.00878906249939,46,4.51603943953533,-0.266171049522416,-0.249513622269732,-0.260802448609144
noise95_pm0p1A,13,5.44915,7.00878906249939,47,4.61421420996001,-0.289301316758271,-0.268830089230611,-0.282262850151409
noise95_pm0p1A,13,5.44915,7.00878906249939,48,4.71238898038469,-0.306582008595547,-0.282931490205485,-0.298928802119393
noise95_pm0p1A,13,5.44915,7.00878906249939,49,4.81056375080937,-0.314367425965279,-0.291399705358457,-0.310442309746037
noise95_pm0p1A,13,5.44915,7.00878906249939,50,4.90873852123405,-0.321491504860861,-0.297697213750448,-0.316332926291406
noise95_pm0p1A,13,5.44915,7.00878906249939,51,5.00691329165873,-0.321354443107787,-0.297877279432554,-0.316562177378035
noise95_pm0p1A,13,5.44915,7.00878906249939,52,5.10508806208341,-0.319065568671216,-0.293600350782304,-0.310254659434933
noise95_pm0p1A,13,5.44915,7.00878906249939,53,5.20326283250809,-0.301942000477609,-0.281037853970535,-0.298101485495759
noise95_pm0p1A,13,5.44915,7.00878906249939,54,5.30143760293278,-0.285427347285704,-0.266227285290503,-0.280835319053602
noise95_pm0p1A,13,5.44915,7.00878906249939,55,5.39961237335746,-0.263805004090816,-0.246697622998247,-0.257632337500456
noise95_pm0p1A,13,5.44915,7.00878906249939,56,5.49778714378214,-0.234541721131316,-0.220449467552565,-0.229213712208644
noise95_pm0p1A,13,5.44915,7.00878906249939,57,5.59596191420682,-0.203635174996194,-0.191416207769341,-0.197751316831481
noise95_pm0p1A,13,5.44915,7.00878906249939,58,5.6941366846315,-0.166508905894052,-0.156371278775343,-0.161263216830106
noise95_pm0p1A,13,5.44915,7.00878906249939,59,5.79231145505618,-0.126919191544896,-0.119613522153575,-0.122499591109464
noise95_pm0p1A,13,5.44915,7.00878906249939,60,5.89048622548086,-0.0894593045494333,-0.0832093858208932,-0.082708616153086
noise95_pm0p1A,13,5.44915,7.00878906249939,61,5.98866099590554,-0.0457911116524951,-0.0426189203792915,-0.0415538058835246
noise95_pm0p1A,13,5.44915,7.00878906249939,62,6.08683576633022,-0.00557378626572748,-0.00503827883570093,-0.00125425510135423
noise95_pm0p1A,13,5.44915,7.00878906249939,63,6.18501053675491,0.0351277490129428,0.0324840817545304,0.0389374892311693
noise95_pm0p1A,14,5.7994,7.50976562499919,0,0,0.0718928956405989,0.0679901174293449,0.0758696657944137
noise95_pm0p1A,14,5.7994,7.50976562499919,1,0.098174770424681,0.106556822425942,0.101591024242664,0.110945394879258
noise95_pm0p1A,14,5.7994,7.50976562499919,2,0.196349540849362,0.138826238023691,0.131783998709792,0.142618125010304
noise95_pm0p1A,14,5.7994,7.50976562499919,3,0.294524311274043,0.165572007431377,0.156970435237257,0.169445709159238
noise95_pm0p1A,14,5.7994,7.50976562499919,4,0.392699081698724,0.186166080348447,0.178178436138608,0.191659540605051
noise95_pm0p1A,14,5.7994,7.50976562499919,5,0.490873852123405,0.205659107598783,0.196394759176263,0.209396359896922
noise95_pm0p1A,14,5.7994,7.50976562499919,6,0.589048622548086,0.218241320611877,0.207565995315873,0.2219106088964
noise95_pm0p1A,14,5.7994,7.50976562499919,7,0.687223392972767,0.226671459002685,0.215517554691734,0.229774728491228
noise95_pm0p1A,14,5.7994,7.50976562499919,8,0.785398163397448,0.229008149822892,0.21730371370009,0.232424246360601
noise95_pm0p1A,14,5.7994,7.50976562499919,9,0.883572933822129,0.225486597616099,0.215409633581987,0.230787125461994
noise95_pm0p1A,14,5.7994,7.50976562499919,10,0.98174770424681,0.22156753660056,0.210371309438217,0.225251131182646
noise95_pm0p1A,14,5.7994,7.50976562499919,11,1.07992247467149,0.211527789773544,0.201410891684454,0.216248325600934
noise95_pm0p1A,14,5.7994,7.50976562499919,12,1.17809724509617,0.199647927715044,0.190377644486944,0.204605494680599
noise95_pm0p1A,14,5.7994,7.50976562499919,13,1.27627201552085,0.18621842871186,0.176221176028034,0.190136570678017
noise95_pm0p1A,14,5.7994,7.50976562499919,14,1.37444678594553,0.169659939612089,0.161439421713075,0.174372010204357
noise95_pm0p1A,14,5.7994,7.50976562499919,15,1.47262155637022,0.153742003003577,0.146362619830829,0.159012590468882
noise95_pm0p1A,14,5.7994,7.50976562499919,16,1.5707963267949,0.138902356682062,0.131042607917038,0.143289960438036
noise95_pm0p1A,14,5.7994,7.50976562499919,17,1.66897109721958,0.123416102772845,0.116691806000005,0.128403905123616
noise95_pm0p1A,14,5.7994,7.50976562499919,18,1.76714586764426,0.110891994900669,0.104850473194196,0.115235391755108
noise95_pm0p1A,14,5.7994,7.50976562499919,19,1.86532063806894,0.0985503140028852,0.092887839264943,0.103408868749712
noise95_pm0p1A,14,5.7994,7.50976562499919,20,1.96349540849362,0.0886435987909941,0.0836219619379082,0.0938663999552152
noise95_pm0p1A,14,5.7994,7.50976562499919,21,2.0616701789183,0.0812269475968769,0.0767443630445374,0.0865702532992128
noise95_pm0p1A,14,5.7994,7.50976562499919,22,2.15984494934298,0.0756918631795858,0.0718679840612607,0.0817158904415944
noise95_pm0p1A,14,5.7994,7.50976562499919,23,2.25801971976766,0.0732589701370261,0.069399180310641,0.0788273028315387
noise95_pm0p1A,14,5.7994,7.50976562499919,24,2.35619449019234,0.0730154918896651,0.0689406747855403,0.0778516644230959
noise95_pm0p1A,14,5.7994,7.50976562499919,25,2.45436926061703,0.0733571417375301,0.0693485241001737,0.0782936609820709
noise95_pm0p1A,14,5.7994,7.50976562499919,26,2.55254403104171,0.0745336254083631,0.0710613971683833,0.0800875335644107
noise95_pm0p1A,14,5.7994,7.50976562499919,27,2.65071880146639,0.0769992641749645,0.073331449616799,0.0822997365537976
noise95_pm0p1A,14,5.7994,7.50976562499919,28,2.74889357189107,0.0779150717966217,0.074454052988378,0.0841321005750652
noise95_pm0p1A,14,5.7994,7.50976562499919,29,2.84706834231575,0.0809577571428944,0.076595655408893,0.085133588019364
noise95_pm0p1A,14,5.7994,7.50976562499919,30,2.94524311274043,0.0799539627882089,0.0757624454616154,0.0847333299818973
noise95_pm0p1A,14,5.7994,7.50976562499919,31,3.04341788316511,0.0781103730484778,0.074104812172161,0.0825350983122363
noise95_pm0p1A,14,5.7994,7.50976562499919,32,3.14159265358979,0.0733814015709001,0.0695779783704988,0.0780512693753549
noise95_pm0p1A,14,5.7994,7.50976562499919,33,3.23976742401447,0.0660990118630335,0.0623700870165802,0.0703312471496424
noise95_pm0p1A,14,5.7994,7.50976562499919,34,3.33794219443916,0.0549828157147465,0.0516333155607007,0.058665948633912
noise95_pm0p1A,14,5.7994,7.50976562499919,35,3.43611696486384,0.0393370511855647,0.0371308818962107,0.0439654856296086
noise95_pm0p1A,14,5.7994,7.50976562499919,36,3.53429173528852,0.0216344667037405,0.0202196540952609,0.0256847814379784
noise95_pm0p1A,14,5.7994,7.50976562499919,37,3.6324665057132,-0.000404330130202196,-0.0008711023586349,0.00394681590252977
noise95_pm0p1A,14,5.7994,7.50976562499919,38,3.73064127613788,-0.0250032202189856,-0.0238900103884065,-0.021047475678981
noise95_pm0p1A,14,5.7994,7.50976562499919,39,3.82881604656256,-0.0539596535683109,-0.0510586333186303,-0.0497835776734566
noise95_pm0p1A,14,5.7994,7.50976562499919,40,3.92699081698724,-0.0843243367188373,-0.0803853001305177,-0.0795483954044758
noise95_pm0p1A,14,5.7994,7.50976562499919,41,4.02516558741192,-0.117755661239362,-0.111203460213683,-0.11177177523863
noise95_pm0p1A,14,5.7994,7.50976562499919,42,4.1233403578366,-0.146738808454622,-0.140380688381042,-0.142990779529074
noise95_pm0p1A,14,5.7994,7.50976562499919,43,4.22151512826128,-0.180715533695845,-0.172063430616841,-0.17531410445035
noise95_pm0p1A,14,5.7994,7.50976562499919,44,4.31968989868597,-0.210681382167315,-0.201283100599874,-0.205869510786178
noise95_pm0p1A,14,5.7994,7.50976562499919,45,4.41786466911065,-0.238869597802025,-0.227652510177037,-0.234401056415332
noise95_pm0p1A,14,5.7994,7.50976562499919,46,4.51603943953533,-0.26579034368307,-0.2527689665524,-0.260802448609144
noise95_pm0p1A,14,5.7994,7.50976562499919,47,4.61421420996001,-0.286559373313585,-0.272375946047206,-0.282262850151409
noise95_pm0p1A,14,5.7994,7.50976562499919,48,4.71238898038469,-0.305974051305016,-0.287540002425391,-0.298928802119393
noise95_pm0p1A,14,5.7994,7.50976562499919,49,4.81056375080937,-0.31891030983455,-0.296901826253676,-0.310442309746037
noise95_pm0p1A,14,5.7994,7.50976562499919,50,4.90873852123405,-0.321741624320932,-0.302506095864545,-0.316332926291406
noise95_pm0p1A,14,5.7994,7.50976562499919,51,5.00691329165873,-0.321168517716308,-0.302535527089305,-0.316562177378035
noise95_pm0p1A,14,5.7994,7.50976562499919,52,5.10508806208341,-0.316743162425665,-0.298228913110976,-0.310254659434933
noise95_pm0p1A,14,5.7994,7.50976562499919,53,5.20326283250809,-0.303716475580383,-0.285573578292504,-0.298101485495759
noise95_pm0p1A,14,5.7994,7.50976562499919,54,5.30143760293278,-0.28656743487275,-0.270295315206952,-0.280835319053602
noise95_pm0p1A,14,5.7994,7.50976562499919,55,5.39961237335746,-0.262386373276148,-0.249835373053827,-0.257632337500456
noise95_pm0p1A,14,5.7994,7.50976562499919,56,5.49778714378214,-0.234258390102507,-0.223211252062554,-0.229213712208644
noise95_pm0p1A,14,5.7994,7.50976562499919,57,5.59596191420682,-0.203811441983737,-0.19389525461222,-0.197751316831481
noise95_pm0p1A,14,5.7994,7.50976562499919,58,5.6941366846315,-0.166231614901639,-0.158343346000603,-0.161263216830106
noise95_pm0p1A,14,5.7994,7.50976562499919,59,5.79231145505618,-0.12704358051702,-0.121099533826264,-0.122499591109464
noise95_pm0p1A,14,5.7994,7.50976562499919,60,5.89048622548086,-0.0886936929321046,-0.0843062472431354,-0.082708616153086
noise95_pm0p1A,14,5.7994,7.50976562499919,61,5.98866099590554,-0.0474603968946752,-0.0435872156823683,-0.0415538058835246
noise95_pm0p1A,14,5.7994,7.50976562499919,62,6.08683576633022,-0.00544082968305798,-0.00511878900517234,-0.00125425510135423
noise95_pm0p1A,14,5.7994,7.50976562499919,63,6.18501053675491,0.0353310683465071,0.0330534790729257,0.0389374892311693
noise95_pm0p1A,15,6.08175,8.01074218749896,0,0,0.0718928956405989,0.0687706730715957,0.0758696657944137
noise95_pm0p1A,15,6.08175,8.01074218749896,1,0.098174770424681,0.106556822425942,0.102584183879319,0.110945394879258
noise95_pm0p1A,15,6.08175,8.01074218749896,2,0.196349540849362,0.138826238023691,0.133192446572572,0.142618125010304
noise95_pm0p1A,15,6.08175,8.01074218749896,3,0.294524311274043,0.165572007431377,0.158690749676081,0.169445709159238
noise95_pm0p1A,15,6.08175,8.01074218749896,4,0.392699081698724,0.186166080348447,0.179775964980576,0.191659540605051
noise95_pm0p1A,15,6.08175,8.01074218749896,5,0.490873852123405,0.205659107598783,0.198247628860767,0.209396359896922
noise95_pm0p1A,15,6.08175,8.01074218749896,6,0.589048622548086,0.218241320611877,0.209701060375074,0.2219106088964
noise95_pm0p1A,15,6.08175,8.01074218749896,7,0.687223392972767,0.226385712073145,0.217691186168016,0.229774728491228
noise95_pm0p1A,15,6.08175,8.01074218749896,8,0.785398163397448,0.22772916425655,0.219388803811382,0.232424246360601
noise95_pm0p1A,15,6.08175,8.01074218749896,9,0.883572933822129,0.226187441115723,0.217565195088735,0.230787125461994
noise95_pm0p1A,15,6.08175,8.01074218749896,10,0.98174770424681,0.220423511222595,0.212381749795093,0.225251131182646
noise95_pm0p1A,15,6.08175,8.01074218749896,11,1.07992247467149,0.212040817394601,0.203536876826484,0.216248325600934
noise95_pm0p1A,15,6.08175,8.01074218749896,12,1.17809724509617,0.199521930663094,0.192206501722174,0.204605494680599
noise95_pm0p1A,15,6.08175,8.01074218749896,13,1.27627201552085,0.184279888222706,0.177832918466968,0.190136570678017
noise95_pm0p1A,15,6.08175,8.01074218749896,14,1.37444678594553,0.169305270936583,0.163012591557777,0.174372010204357
noise95_pm0p1A,15,6.08175,8.01074218749896,15,1.47262155637022,0.153998997549541,0.147889895374571,0.159012590468882
noise95_pm0p1A,15,6.08175,8.01074218749896,16,1.5707963267949,0.137657756484931,0.132365637630617,0.143289960438036
noise95_pm0p1A,15,6.08175,8.01074218749896,17,1.66897109721958,0.123344366734081,0.11802231814682,0.128403905123616
noise95_pm0p1A,15,6.08175,8.01074218749896,18,1.76714586764426,0.109981290268778,0.105876636609113,0.115235391755108
noise95_pm0p1A,15,6.08175,8.01074218749896,19,1.86532063806894,0.0981306505337866,0.0939364015187117,0.103408868749712
noise95_pm0p1A,15,6.08175,8.01074218749896,20,1.96349540849362,0.0889916162608499,0.0846958928024965,0.0938663999552152
noise95_pm0p1A,15,6.08175,8.01074218749896,21,2.0616701789183,0.0812996401658448,0.0776554184687989,0.0865702532992128
noise95_pm0p1A,15,6.08175,8.01074218749896,22,2.15984494934298,0.0762829015433918,0.072750967557687,0.0817158904415944
noise95_pm0p1A,15,6.08175,8.01074218749896,23,2.25801971976766,0.0729497654107275,0.0701092973306583,0.0788273028315387
noise95_pm0p1A,15,6.08175,8.01074218749896,24,2.35619449019234,0.0721943263391632,0.0695914050962649,0.0778516644230959
noise95_pm0p1A,15,6.08175,8.01074218749896,25,2.45436926061703,0.0729857195275602,0.070075963185651,0.0782936609820709
noise95_pm0p1A,15,6.08175,8.01074218749896,26,2.55254403104171,0.0751274288399547,0.0718746035026976,0.0800875335644107
noise95_pm0p1A,15,6.08175,8.01074218749896,27,2.65071880146639,0.0778889454646193,0.0742429487863631,0.0822997365537976
noise95_pm0p1A,15,6.08175,8.01074218749896,28,2.74889357189107,0.0782491351260679,0.075213069415916,0.0841321005750652
noise95_pm0p1A,15,6.08175,8.01074218749896,29,2.84706834231575,0.080813172915217,0.0774391589101578,0.085133588019364
noise95_pm0p1A,15,6.08175,8.01074218749896,30,2.94524311274043,0.0797133602342043,0.0765526284161332,0.0847333299818973
noise95_pm0p1A,15,6.08175,8.01074218749896,31,3.04341788316511,0.0771816772623503,0.0747201851901988,0.0825350983122363
noise95_pm0p1A,15,6.08175,8.01074218749896,32,3.14159265358979,0.0731963631291225,0.0703016553222235,0.0780512693753549
noise95_pm0p1A,15,6.08175,8.01074218749896,33,3.23976742401447,0.0658409965569914,0.0630642689246624,0.0703312471496424
noise95_pm0p1A,15,6.08175,8.01074218749896,34,3.33794219443916,0.0546049107075175,0.052227634590064,0.058665948633912
noise95_pm0p1A,15,6.08175,8.01074218749896,35,3.43611696486384,0.0392885386656114,0.0375624132500909,0.0439654856296086
noise95_pm0p1A,15,6.08175,8.01074218749896,36,3.53429173528852,0.0216525056454146,0.0205062244052916,0.0256847814379784
noise95_pm0p1A,15,6.08175,8.01074218749896,37,3.6324665057132,1.93687818847417e-05,-0.000693008130530972,0.00394681590252977
noise95_pm0p1A,15,6.08175,8.01074218749896,38,3.73064127613788,-0.0251431251406615,-0.0241406333388575,-0.021047475678981
noise95_pm0p1A,15,6.08175,8.01074218749896,39,3.82881604656256,-0.0538575810012713,-0.0516184228551585,-0.0497835776734566
noise95_pm0p1A,15,6.08175,8.01074218749896,40,3.92699081698724,-0.0839974861960629,-0.0811077373436267,-0.0795483954044758
noise95_pm0p1A,15,6.08175,8.01074218749896,41,4.02516558741192,-0.117755661239362,-0.112513900418819,-0.11177177523863
noise95_pm0p1A,15,6.08175,8.01074218749896,42,4.1233403578366,-0.146738808454622,-0.141652312395758,-0.142990779529074
noise95_pm0p1A,15,6.08175,8.01074218749896,43,4.22151512826128,-0.180715533695845,-0.173793851232642,-0.17531410445035
noise95_pm0p1A,15,6.08175,8.01074218749896,44,4.31968989868597,-0.210681382167315,-0.203162756913362,-0.205869510786178
noise95_pm0p1A,15,6.08175,8.01074218749896,45,4.41786466911065,-0.238869597802025,-0.229895927702035,-0.234401056415332
noise95_pm0p1A,15,6.08175,8.01074218749896,46,4.51603943953533,-0.26579034368307,-0.255373241978534,-0.260802448609144
noise95_pm0p1A,15,6.08175,8.01074218749896,47,4.61421420996001,-0.286559373313585,-0.275212631500482,-0.282262850151409
noise95_pm0p1A,15,6.08175,8.01074218749896,48,4.71238898038469,-0.305974051305016,-0.291226812201316,-0.298928802119393
noise95_pm0p1A,15,6.08175,8.01074218749896,49,4.81056375080937,-0.31891030983455,-0.301303522969851,-0.310442309746037
noise95_pm0p1A,15,6.08175,8.01074218749896,50,4.90873852123405,-0.321741624320932,-0.306353201555822,-0.316332926291406
noise95_pm0p1A,15,6.08175,8.01074218749896,51,5.00691329165873,-0.321168517716308,-0.306262125214706,-0.316562177378035
noise95_pm0p1A,15,6.08175,8.01074218749896,52,5.10508806208341,-0.316743162425665,-0.301931762973914,-0.310254659434933
noise95_pm0p1A,15,6.08175,8.01074218749896,53,5.20326283250809,-0.303716475580383,-0.28920215775008,-0.298101485495759
noise95_pm0p1A,15,6.08175,8.01074218749896,54,5.30143760293278,-0.28656743487275,-0.273549739140112,-0.280835319053602
noise95_pm0p1A,15,6.08175,8.01074218749896,55,5.39961237335746,-0.262386373276148,-0.252345573098291,-0.257632337500456
noise95_pm0p1A,15,6.08175,8.01074218749896,56,5.49778714378214,-0.234258390102507,-0.225420679670544,-0.229213712208644
noise95_pm0p1A,15,6.08175,8.01074218749896,57,5.59596191420682,-0.203811441983737,-0.195878492086523,-0.197751316831481
noise95_pm0p1A,15,6.08175,8.01074218749896,58,5.6941366846315,-0.166231614901639,-0.15992099978081,-0.161263216830106
noise95_pm0p1A,15,6.08175,8.01074218749896,59,5.79231145505618,-0.12704358051702,-0.122288343164415,-0.122499591109464
noise95_pm0p1A,15,6.08175,8.01074218749896,60,5.89048622548086,-0.0886936929321046,-0.0851837363809293,-0.082708616153086
noise95_pm0p1A,15,6.08175,8.01074218749896,61,5.98866099590554,-0.0474603968946752,-0.0443618519248297,-0.0415538058835246
noise95_pm0p1A,15,6.08175,8.01074218749896,62,6.08683576633022,-0.00544082968305798,-0.00518319714074947,-0.00125425510135423
noise95_pm0p1A,15,6.08175,8.01074218749896,63,6.18501053675491,0.0353310683465071,0.033508996927642,0.0389374892311693
noise95_pm0p1A,16,6.4321,8.51171874999877,0,0,0.0712931515920809,0.0692751687756928,0.0758696657944137
noise95_pm0p1A,16,6.4321,8.51171874999877,1,0.098174770424681,0.107001219521802,0.103467591007816,0.110945394879258
noise95_pm0p1A,16,6.4321,8.51171874999877,2,0.196349540849362,0.138819509000626,0.134317859058182,0.142618125010304
noise95_pm0p1A,16,6.4321,8.51171874999877,3,0.294524311274043,0.165869934003461,0.160126586541557,0.169445709159238
noise95_pm0p1A,16,6.4321,8.51171874999877,4,0.392699081698724,0.18627566110786,0.181075904206032,0.191659540605051
noise95_pm0p1A,16,6.4321,8.51171874999877,5,0.490873852123405,0.205513823441262,0.199700867776866,0.209396359896922
noise95_pm0p1A,16,6.4321,8.51171874999877,6,0.589048622548086,0.216333446091065,0.211027537518272,0.2219106088964
noise95_pm0p1A,16,6.4321,8.51171874999877,7,0.687223392972767,0.226105208547814,0.219373990643976,0.229774728491228
noise95_pm0p1A,16,6.4321,8.51171874999877,8,0.785398163397448,0.228283662584824,0.22116777556607,0.232424246360601
noise95_pm0p1A,16,6.4321,8.51171874999877,9,0.883572933822129,0.226187441115723,0.219289644294132,0.230787125461994
noise95_pm0p1A,16,6.4321,8.51171874999877,10,0.98174770424681,0.220423511222595,0.213990102080593,0.225251131182646
noise95_pm0p1A,16,6.4321,8.51171874999877,11,1.07992247467149,0.212040817394601,0.205237664940107,0.216248325600934
noise95_pm0p1A,16,6.4321,8.51171874999877,12,1.17809724509617,0.199521930663094,0.193669587510358,0.204605494680599
noise95_pm0p1A,16,6.4321,8.51171874999877,13,1.27627201552085,0.184279888222706,0.179122312418116,0.190136570678017
noise95_pm0p1A,16,6.4321,8.51171874999877,14,1.37444678594553,0.169305270936583,0.164271127433538,0.174372010204357
noise95_pm0p1A,16,6.4321,8.51171874999877,15,1.47262155637022,0.153998997549541,0.149111715809565,0.159012590468882
noise95_pm0p1A,16,6.4321,8.51171874999877,16,1.5707963267949,0.137657756484931,0.13342406140148,0.143289960438036
noise95_pm0p1A,16,6.4321,8.51171874999877,17,1.66897109721958,0.123344366734081,0.119086727864273,0.128403905123616
noise95_pm0p1A,16,6.4321,8.51171874999877,18,1.76714586764426,0.109981290268778,0.106697567341046,0.115235391755108
noise95_pm0p1A,16,6.4321,8.51171874999877,19,1.86532063806894,0.0981306505337866,0.0947752513217267,0.103408868749712
noise95_pm0p1A,16,6.4321,8.51171874999877,20,1.96349540849362,0.0889916162608499,0.0855550374941672,0.0938663999552152
noise95_pm0p1A,16,6.4321,8.51171874999877,21,2.0616701789183,0.0812996401658448,0.078384262808208,0.0865702532992128
noise95_pm0p1A,16,6.4321,8.51171874999877,22,2.15984494934298,0.0762829015433918,0.0734573543548279,0.0817158904415944
noise95_pm0p1A,16,6.4321,8.51171874999877,23,2.25801971976766,0.0729497654107275,0.0706773909466721,0.0788273028315387
noise95_pm0p1A,16,6.4321,8.51171874999877,24,2.35619449019234,0.0721943263391632,0.0701119893448446,0.0778516644230959
noise95_pm0p1A,16,6.4321,8.51171874999877,25,2.45436926061703,0.0729857195275602,0.0706579144540328,0.0782936609820709
noise95_pm0p1A,16,6.4321,8.51171874999877,26,2.55254403104171,0.0751274288399547,0.072525168570149,0.0800875335644107
noise95_pm0p1A,16,6.4321,8.51171874999877,27,2.65071880146639,0.0778889454646193,0.0749721481220143,0.0822997365537976
noise95_pm0p1A,16,6.4321,8.51171874999877,28,2.74889357189107,0.0782491351260679,0.0758202825579464,0.0841321005750652
noise95_pm0p1A,16,6.4321,8.51171874999877,29,2.84706834231575,0.080813172915217,0.0781139617111697,0.085133588019364
noise95_pm0p1A,16,6.4321,8.51171874999877,30,2.94524311274043,0.0797133602342043,0.0771847747797474,0.0847333299818973
noise95_pm0p1A,16,6.4321,8.51171874999877,31,3.04341788316511,0.0771816772623503,0.0752124836046291,0.0825350983122363
noise95_pm0p1A,16,6.4321,8.51171874999877,32,3.14159265358979,0.0731963631291225,0.0708805968836033,0.0780512693753549
noise95_pm0p1A,16,6.4321,8.51171874999877,33,3.23976742401447,0.0658409965569914,0.0636196144511282,0.0703312471496424
noise95_pm0p1A,16,6.4321,8.51171874999877,34,3.33794219443916,0.0546049107075175,0.0527030898135547,0.058665948633912
noise95_pm0p1A,16,6.4321,8.51171874999877,35,3.43611696486384,0.0392885386656114,0.037907638333195,0.0439654856296086
noise95_pm0p1A,16,6.4321,8.51171874999877,36,3.53429173528852,0.0216525056454146,0.0207354806533162,0.0256847814379784
noise95_pm0p1A,16,6.4321,8.51171874999877,37,3.6324665057132,1.93687818847417e-05,-0.000550532748047829,0.00394681590252977
noise95_pm0p1A,16,6.4321,8.51171874999877,38,3.73064127613788,-0.0251431251406615,-0.0243411316992183,-0.021047475678981
noise95_pm0p1A,16,6.4321,8.51171874999877,39,3.82881604656256,-0.0538264208338355,-0.0520600224508939,-0.0497835776734566
noise95_pm0p1A,16,6.4321,8.51171874999877,40,3.92699081698724,-0.0836434909077791,-0.0816148880564572,-0.0795483954044758
noise95_pm0p1A,16,6.4321,8.51171874999877,41,4.02516558741192,-0.118825849175038,-0.113776290170063,-0.11177177523863
noise95_pm0p1A,16,6.4321,8.51171874999877,42,4.1233403578366,-0.146843894216724,-0.142690628759951,-0.142990779529074
noise95_pm0p1A,16,6.4321,8.51171874999877,43,4.22151512826128,-0.180172961862297,-0.175069673358573,-0.17531410445035
noise95_pm0p1A,16,6.4321,8.51171874999877,44,4.31968989868597,-0.210615169868373,-0.204653239504364,-0.205869510786178
noise95_pm0p1A,16,6.4321,8.51171874999877,45,4.41786466911065,-0.238809562116921,-0.231678654585012,-0.234401056415332
noise95_pm0p1A,16,6.4321,8.51171874999877,46,4.51603943953533,-0.267085441438661,-0.257715681870559,-0.260802448609144
noise95_pm0p1A,16,6.4321,8.51171874999877,47,4.61421420996001,-0.285958969234361,-0.277361899047258,-0.282262850151409
noise95_pm0p1A,16,6.4321,8.51171874999877,48,4.71238898038469,-0.304373407584414,-0.293856131277936,-0.298928802119393
noise95_pm0p1A,16,6.4321,8.51171874999877,49,4.81056375080937,-0.318554304842842,-0.304753679344449,-0.310442309746037
noise95_pm0p1A,16,6.4321,8.51171874999877,50,4.90873852123405,-0.321067980672804,-0.309296157379218,-0.316332926291406
noise95_pm0p1A,16,6.4321,8.51171874999877,51,5.00691329165873,-0.321518390420766,-0.309313378255918,-0.316562177378035
noise95_pm0p1A,16,6.4321,8.51171874999877,52,5.10508806208341,-0.318826508908808,-0.305310712160893,-0.310254659434933
noise95_pm0p1A,16,6.4321,8.51171874999877,53,5.20326283250809,-0.303524763847199,-0.292066678969504,-0.298101485495759
noise95_pm0p1A,16,6.4321,8.51171874999877,54,5.30143760293278,-0.288077531319299,-0.276455297575949,-0.280835319053602
noise95_pm0p1A,16,6.4321,8.51171874999877,55,5.39961237335746,-0.262853787833546,-0.254447216045342,-0.257632337500456
noise95_pm0p1A,16,6.4321,8.51171874999877,56,5.49778714378214,-0.233856488229231,-0.227107841382282,-0.229213712208644
noise95_pm0p1A,16,6.4321,8.51171874999877,57,5.59596191420682,-0.204883654387618,-0.197679524546742,-0.197751316831481
noise95_pm0p1A,16,6.4321,8.51171874999877,58,5.6941366846315,-0.167131248573212,-0.16136304953929,-0.161263216830106
noise95_pm0p1A,16,6.4321,8.51171874999877,59,5.79231145505618,-0.127740601215551,-0.123378794774642,-0.122499591109464
noise95_pm0p1A,16,6.4321,8.51171874999877,60,5.89048622548086,-0.0884908277490745,-0.0858451546545583,-0.082708616153086
noise95_pm0p1A,16,6.4321,8.51171874999877,61,5.98866099590554,-0.0482039631563414,-0.045130274171132,-0.0415538058835246
noise95_pm0p1A,16,6.4321,8.51171874999877,62,6.08683576633022,-0.00606275488362545,-0.00535910868932467,-0.00125425510135423
noise95_pm0p1A,16,6.4321,8.51171874999877,63,6.18501053675491,0.0342307297158909,0.0336533434852918,0.0389374892311693
noise95_pm0p1A,17,6.71345,9.01171874999903,0,0,0.0712931515920809,0.0696787653389704,0.0758696657944137
noise95_pm0p1A,17,6.71345,9.01171874999903,1,0.098174770424681,0.107001219521802,0.104174316710613,0.110945394879258
noise95_pm0p1A,17,6.71345,9.01171874999903,2,0.196349540849362,0.138819509000626,0.135218189046671,0.142618125010304
noise95_pm0p1A,17,6.71345,9.01171874999903,3,0.294524311274043,0.165869934003461,0.161275256033938,0.169445709159238
noise95_pm0p1A,17,6.71345,9.01171874999903,4,0.392699081698724,0.18627566110786,0.182115855586398,0.191659540605051
noise95_pm0p1A,17,6.71345,9.01171874999903,5,0.490873852123405,0.205513823441262,0.200863458909746,0.209396359896922
noise95_pm0p1A,17,6.71345,9.01171874999903,6,0.589048622548086,0.216333446091065,0.212088719232831,0.2219106088964
noise95_pm0p1A,17,6.71345,9.01171874999903,7,0.687223392972767,0.226072689047292,0.220713730324639,0.229774728491228
noise95_pm0p1A,17,6.71345,9.01171874999903,8,0.785398163397448,0.226773317525211,0.222288883957898,0.232424246360601
noise95_pm0p1A,17,6.71345,9.01171874999903,9,0.883572933822129,0.226065722419216,0.220644859919149,0.230787125461994
noise95_pm0p1A,17,6.71345,9.01171874999903,10,0.98174770424681,0.219631989495191,0.215118479563513,0.225251131182646
noise95_pm0p1A,17,6.71345,9.01171874999903,11,1.07992247467149,0.211796577046743,0.206549447361434,0.216248325600934
noise95_pm0p1A,17,6.71345,9.01171874999903,12,1.17809724509617,0.200912515588713,0.195118173126029,0.204605494680599
noise95_pm0p1A,17,6.71345,9.01171874999903,13,1.27627201552085,0.18496588139413,0.180291026213319,0.190136570678017
noise95_pm0p1A,17,6.71345,9.01171874999903,14,1.37444678594553,0.169138235469934,0.165244549040817,0.174372010204357
noise95_pm0p1A,17,6.71345,9.01171874999903,15,1.47262155637022,0.154177068142519,0.150124786276156,0.159012590468882
noise95_pm0p1A,17,6.71345,9.01171874999903,16,1.5707963267949,0.138039297741362,0.134347108669456,0.143289960438036
noise95_pm0p1A,17,6.71345,9.01171874999903,17,1.66897109721958,0.121962780771108,0.11966193844564,0.128403905123616
noise95_pm0p1A,17,6.71345,9.01171874999903,18,1.76714586764426,0.109941967838308,0.107346447440498,0.115235391755108
noise95_pm0p1A,17,6.71345,9.01171874999903,19,1.86532063806894,0.097375066681676,0.0952952143937165,0.103408868749712
noise95_pm0p1A,17,6.71345,9.01171874999903,20,1.96349540849362,0.0887253138744003,0.0861890927702138,0.0938663999552152
noise95_pm0p1A,17,6.71345,9.01171874999903,21,2.0616701789183,0.0803415731490191,0.0787757248763702,0.0865702532992128
noise95_pm0p1A,17,6.71345,9.01171874999903,22,2.15984494934298,0.0765763553534854,0.0740811545545594,0.0817158904415944
noise95_pm0p1A,17,6.71345,9.01171874999903,23,2.25801971976766,0.072502982087946,0.0710425091749269,0.0788273028315387
noise95_pm0p1A,17,6.71345,9.01171874999903,24,2.35619449019234,0.0711077408482728,0.0703111396455302,0.0778516644230959
noise95_pm0p1A,17,6.71345,9.01171874999903,25,2.45436926061703,0.0725732499728701,0.0710409815578003,0.0782936609820709
noise95_pm0p1A,17,6.71345,9.01171874999903,26,2.55254403104171,0.0750231385802101,0.0730247625721612,0.0800875335644107
noise95_pm0p1A,17,6.71345,9.01171874999903,27,2.65071880146639,0.0778111018742256,0.0755399388724566,0.0822997365537976
noise95_pm0p1A,17,6.71345,9.01171874999903,28,2.74889357189107,0.079439714641595,0.0765441689746761,0.0841321005750652
noise95_pm0p1A,17,6.71345,9.01171874999903,29,2.84706834231575,0.0801653423724939,0.0785242378434345,0.085133588019364
noise95_pm0p1A,17,6.71345,9.01171874999903,30,2.94524311274043,0.0798237342678064,0.0777125666773592,0.0847333299818973
noise95_pm0p1A,17,6.71345,9.01171874999903,31,3.04341788316511,0.0776591851469676,0.0757018239130968,0.0825350983122363
noise95_pm0p1A,17,6.71345,9.01171874999903,32,3.14159265358979,0.073706801479795,0.0714458378028416,0.0780512693753549
noise95_pm0p1A,17,6.71345,9.01171874999903,33,3.23976742401447,0.0656069620348431,0.0640170839678712,0.0703312471496424
noise95_pm0p1A,17,6.71345,9.01171874999903,34,3.33794219443916,0.0545196504486312,0.05306640194057,0.058665948633912
noise95_pm0p1A,17,6.71345,9.01171874999903,35,3.43611696486384,0.0395399486768207,0.0382341004019201,0.0439654856296086
noise95_pm0p1A,17,6.71345,9.01171874999903,36,3.53429173528852,0.0207539669795894,0.0207391779185709,0.0256847814379784
noise95_pm0p1A,17,6.71345,9.01171874999903,37,3.6324665057132,-0.000561295058460095,-0.000552685210130282,0.00394681590252977
noise95_pm0p1A,17,6.71345,9.01171874999903,38,3.73064127613788,-0.0247358897443349,-0.0244200833082417,-0.021047475678981
noise95_pm0p1A,17,6.71345,9.01171874999903,39,3.82881604656256,-0.0545833657599812,-0.0525646911127114,-0.0497835776734566
noise95_pm0p1A,17,6.71345,9.01171874999903,40,3.92699081698724,-0.0839532041343463,-0.082082551272035,-0.0795483954044758
noise95_pm0p1A,17,6.71345,9.01171874999903,41,4.02516558741192,-0.118825849175038,-0.114786201971058,-0.11177177523863
noise95_pm0p1A,17,6.71345,9.01171874999903,42,4.1233403578366,-0.146843894216724,-0.143521281851306,-0.142990779529074
noise95_pm0p1A,17,6.71345,9.01171874999903,43,4.22151512826128,-0.180172961862297,-0.176090331059318,-0.17531410445035
noise95_pm0p1A,17,6.71345,9.01171874999903,44,4.31968989868597,-0.210615169868373,-0.205845625577166,-0.205869510786178
noise95_pm0p1A,17,6.71345,9.01171874999903,45,4.41786466911065,-0.238809562116921,-0.233104836091393,-0.234401056415332
noise95_pm0p1A,17,6.71345,9.01171874999903,46,4.51603943953533,-0.267085441438661,-0.25958963378418,-0.260802448609144
noise95_pm0p1A,17,6.71345,9.01171874999903,47,4.61421420996001,-0.285958969234361,-0.279081313084678,-0.282262850151409
noise95_pm0p1A,17,6.71345,9.01171874999903,48,4.71238898038469,-0.304373407584414,-0.295959586539231,-0.298928802119393
noise95_pm0p1A,17,6.71345,9.01171874999903,49,4.81056375080937,-0.318554304842842,-0.307513804444127,-0.310442309746037
noise95_pm0p1A,17,6.71345,9.01171874999903,50,4.90873852123405,-0.321067980672804,-0.311650522037936,-0.316332926291406
noise95_pm0p1A,17,6.71345,9.01171874999903,51,5.00691329165873,-0.321518390420766,-0.311754380688887,-0.316562177378035
noise95_pm0p1A,17,6.71345,9.01171874999903,52,5.10508806208341,-0.318826508908808,-0.308013871510476,-0.310254659434933
noise95_pm0p1A,17,6.71345,9.01171874999903,53,5.20326283250809,-0.303524763847199,-0.294358295945043,-0.298101485495759
noise95_pm0p1A,17,6.71345,9.01171874999903,54,5.30143760293278,-0.288077531319299,-0.278779744324619,-0.280835319053602
noise95_pm0p1A,17,6.71345,9.01171874999903,55,5.39961237335746,-0.262853787833546,-0.256128530402983,-0.257632337500456
noise95_pm0p1A,17,6.71345,9.01171874999903,56,5.49778714378214,-0.233856488229231,-0.228457570751672,-0.229213712208644
noise95_pm0p1A,17,6.71345,9.01171874999903,57,5.59596191420682,-0.204883654387618,-0.199120350514917,-0.197751316831481
noise95_pm0p1A,17,6.71345,9.01171874999903,58,5.6941366846315,-0.167131248573212,-0.162516689346075,-0.161263216830106
noise95_pm0p1A,17,6.71345,9.01171874999903,59,5.79231145505618,-0.127740601215551,-0.124251156062824,-0.122499591109464
noise95_pm0p1A,17,6.71345,9.01171874999903,60,5.89048622548086,-0.0884908277490745,-0.0863742892734616,-0.082708616153086
noise95_pm0p1A,17,6.71345,9.01171874999903,61,5.98866099590554,-0.0482039631563414,-0.0457450119681739,-0.0415538058835246
noise95_pm0p1A,17,6.71345,9.01171874999903,62,6.08683576633022,-0.00606275488362545,-0.00549983792818482,-0.00125425510135423
noise95_pm0p1A,17,6.71345,9.01171874999903,63,6.18501053675491,0.0342307297158909,0.0337688207314116,0.0389374892311693
noise95_pm0p1A,18,7.0626,9.51171874999938,0,0,0.071086088892948,0.0699602300497659,0.0758696657944137
noise95_pm0p1A,18,7.0626,9.51171874999938,1,0.098174770424681,0.105441964175357,0.104427846203562,0.110945394879258
noise95_pm0p1A,18,7.0626,9.51171874999938,2,0.196349540849362,0.13842008068555,0.135858567374447,0.142618125010304
noise95_pm0p1A,18,7.0626,9.51171874999938,3,0.294524311274043,0.165921829326439,0.162204570692438,0.169445709159238
noise95_pm0p1A,18,7.0626,9.51171874999938,4,0.392699081698724,0.186189845012115,0.182930653471541,0.191659540605051
noise95_pm0p1A,18,7.0626,9.51171874999938,5,0.490873852123405,0.205602880819758,0.201811343291748,0.209396359896922
noise95_pm0p1A,18,7.0626,9.51171874999938,6,0.589048622548086,0.218205191552216,0.213312013696708,0.2219106088964
noise95_pm0p1A,18,7.0626,9.51171874999938,7,0.687223392972767,0.225695493004312,0.221710082860574,0.229774728491228
noise95_pm0p1A,18,7.0626,9.51171874999938,8,0.785398163397448,0.227143433593096,0.223259793884938,0.232424246360601
noise95_pm0p1A,18,7.0626,9.51171874999938,9,0.883572933822129,0.226065722419216,0.221729032419163,0.230787125461994
noise95_pm0p1A,18,7.0626,9.51171874999938,10,0.98174770424681,0.219631989495191,0.216021181549848,0.225251131182646
noise95_pm0p1A,18,7.0626,9.51171874999938,11,1.07992247467149,0.211796577046743,0.207598873298496,0.216248325600934
noise95_pm0p1A,18,7.0626,9.51171874999938,12,1.17809724509617,0.200912515588713,0.196277041618566,0.204605494680599
noise95_pm0p1A,18,7.0626,9.51171874999938,13,1.27627201552085,0.18496588139413,0.181225997249481,0.190136570678017
noise95_pm0p1A,18,7.0626,9.51171874999938,14,1.37444678594553,0.169138235469934,0.166023286326641,0.174372010204357
noise95_pm0p1A,18,7.0626,9.51171874999938,15,1.47262155637022,0.154177068142519,0.150935242649429,0.159012590468882
noise95_pm0p1A,18,7.0626,9.51171874999938,16,1.5707963267949,0.138039297741362,0.135085546483837,0.143289960438036
noise95_pm0p1A,18,7.0626,9.51171874999938,17,1.66897109721958,0.121962780771108,0.120122106910733,0.128403905123616
noise95_pm0p1A,18,7.0626,9.51171874999938,18,1.76714586764426,0.109941967838308,0.10786555152006,0.115235391755108
noise95_pm0p1A,18,7.0626,9.51171874999938,19,1.86532063806894,0.097375066681676,0.0957111848513084,0.103408868749712
noise95_pm0p1A,18,7.0626,9.51171874999938,20,1.96349540849362,0.0887253138744003,0.0866963369910511,0.0938663999552152
noise95_pm0p1A,18,7.0626,9.51171874999938,21,2.0616701789183,0.0803415731490191,0.0790888945309,0.0865702532992128
noise95_pm0p1A,18,7.0626,9.51171874999938,22,2.15984494934298,0.0765763553534854,0.0745801947143446,0.0817158904415944
noise95_pm0p1A,18,7.0626,9.51171874999938,23,2.25801971976766,0.072502982087946,0.0713346037575307,0.0788273028315387
noise95_pm0p1A,18,7.0626,9.51171874999938,24,2.35619449019234,0.0711077408482728,0.0704704598860787,0.0778516644230959
noise95_pm0p1A,18,7.0626,9.51171874999938,25,2.45436926061703,0.0725732499728701,0.0713474352408143,0.0782936609820709
noise95_pm0p1A,18,7.0626,9.51171874999938,26,2.55254403104171,0.0750231385802101,0.073424437773771,0.0800875335644107
noise95_pm0p1A,18,7.0626,9.51171874999938,27,2.65071880146639,0.0778111018742256,0.0759941714728104,0.0822997365537976
noise95_pm0p1A,18,7.0626,9.51171874999938,28,2.74889357189107,0.079439714641595,0.0771232781080599,0.0841321005750652
noise95_pm0p1A,18,7.0626,9.51171874999938,29,2.84706834231575,0.0801653423724939,0.0788524587492464,0.085133588019364
noise95_pm0p1A,18,7.0626,9.51171874999938,30,2.94524311274043,0.0798237342678064,0.0781348001954486,0.0847333299818973
noise95_pm0p1A,18,7.0626,9.51171874999938,31,3.04341788316511,0.0776591851469676,0.076093296159871,0.0825350983122363
noise95_pm0p1A,18,7.0626,9.51171874999938,32,3.14159265358979,0.073706801479795,0.0718980305382323,0.0780512693753549
noise95_pm0p1A,18,7.0626,9.51171874999938,33,3.23976742401447,0.0656069620348431,0.0643350595812656,0.0703312471496424
noise95_pm0p1A,18,7.0626,9.51171874999938,34,3.33794219443916,0.0545196504486312,0.0533570516421823,0.058665948633912
noise95_pm0p1A,18,7.0626,9.51171874999938,35,3.43611696486384,0.0395399486768207,0.0384952700569002,0.0439654856296086
noise95_pm0p1A,18,7.0626,9.51171874999938,36,3.53429173528852,0.0207539669795894,0.0207421357307746,0.0256847814379784
noise95_pm0p1A,18,7.0626,9.51171874999938,37,3.6324665057132,-0.000561295058460095,-0.000554407179796245,0.00394681590252977
noise95_pm0p1A,18,7.0626,9.51171874999938,38,3.73064127613788,-0.0247358897443349,-0.0244832445954603,-0.021047475678981
noise95_pm0p1A,18,7.0626,9.51171874999938,39,3.82881604656256,-0.0545940138961719,-0.0529705556694035,-0.0497835776734566
noise95_pm0p1A,18,7.0626,9.51171874999938,40,3.92699081698724,-0.0834090017319444,-0.0823478413640169,-0.0795483954044758
noise95_pm0p1A,18,7.0626,9.51171874999938,41,4.02516558741192,-0.116375580819272,-0.115104077740701,-0.11177177523863
noise95_pm0p1A,18,7.0626,9.51171874999938,42,4.1233403578366,-0.147711678153752,-0.144359361111795,-0.142990779529074
noise95_pm0p1A,18,7.0626,9.51171874999938,43,4.22151512826128,-0.17892505595024,-0.176657276037502,-0.17531410445035
noise95_pm0p1A,18,7.0626,9.51171874999938,44,4.31968989868597,-0.2100339037814,-0.206683281218013,-0.205869510786178
noise95_pm0p1A,18,7.0626,9.51171874999938,45,4.41786466911065,-0.23969135285164,-0.234422139443443,-0.234401056415332
noise95_pm0p1A,18,7.0626,9.51171874999938,46,4.51603943953533,-0.267954223986986,-0.261262551824741,-0.260802448609144
noise95_pm0p1A,18,7.0626,9.51171874999938,47,4.61421420996001,-0.287939912862337,-0.28085303304021,-0.282262850151409
noise95_pm0p1A,18,7.0626,9.51171874999938,48,4.71238898038469,-0.304543190972634,-0.297676307425912,-0.298928802119393
noise95_pm0p1A,18,7.0626,9.51171874999938,49,4.81056375080937,-0.316749147525528,-0.309360873060408,-0.310442309746037
noise95_pm0p1A,18,7.0626,9.51171874999938,50,4.90873852123405,-0.321562640537617,-0.313632945737872,-0.316332926291406
noise95_pm0p1A,18,7.0626,9.51171874999938,51,5.00691329165873,-0.321362157082454,-0.313675935967601,-0.316562177378035
noise95_pm0p1A,18,7.0626,9.51171874999938,52,5.10508806208341,-0.319476374438048,-0.31030637209599,-0.310254659434933
noise95_pm0p1A,18,7.0626,9.51171874999938,53,5.20326283250809,-0.303147272684951,-0.296116091293024,-0.298101485495759
noise95_pm0p1A,18,7.0626,9.51171874999938,54,5.30143760293278,-0.286253565166061,-0.280274508492908,-0.280835319053602
noise95_pm0p1A,18,7.0626,9.51171874999938,55,5.39961237335746,-0.263493970174335,-0.257601618357253,-0.257632337500456
noise95_pm0p1A,18,7.0626,9.51171874999938,56,5.49778714378214,-0.233020572523404,-0.229370171106018,-0.229213712208644
noise95_pm0p1A,18,7.0626,9.51171874999938,57,5.59596191420682,-0.20491316834274,-0.200278914080482,-0.197751316831481
noise95_pm0p1A,18,7.0626,9.51171874999938,58,5.6941366846315,-0.166161404498029,-0.163245632376466,-0.161263216830106
noise95_pm0p1A,18,7.0626,9.51171874999938,59,5.79231145505618,-0.12729814221208,-0.124860553292675,-0.122499591109464
noise95_pm0p1A,18,7.0626,9.51171874999938,60,5.89048622548086,-0.0879261981109843,-0.0866846710409661,-0.082708616153086
noise95_pm0p1A,18,7.0626,9.51171874999938,61,5.98866099590554,-0.0457650945844982,-0.0457490284914388,-0.0415538058835246
noise95_pm0p1A,18,7.0626,9.51171874999938,62,6.08683576633022,-0.00695915119249748,-0.00579170058104736,-0.00125425510135423
noise95_pm0p1A,18,7.0626,9.51171874999938,63,6.18501053675491,0.0344902156316206,0.0339130997114534,0.0389374892311693
